dataset,sample_id,label,prob,correct,mask_frac,hit,energy,iou,hit_centre,energy_centre,hit_random,energy_random
cbis_test|native,cbis_01318,1,0.7101185917854309,1,0.2439811862244898,True,0.3810739517211914,0.5329250670886947,True,0.4405301883897045,False,0.2441655695438385
cbis_test|native,cbis_01319,1,0.6664029161135355,1,0.19682716836734693,True,0.5416381359100342,0.6163649646886923,True,0.39189279256759835,False,0.19670042395591736
cbis_test|native,cbis_01320,1,0.6074631412823995,1,0.2372249681122449,False,0.23219157755374908,0.11580714067744889,True,0.47026771058818984,False,0.23737342655658722
cbis_test|native,cbis_01321,1,0.5743775963783264,1,0.24085220025510204,True,0.410003125667572,0.2143719806763285,True,0.46855036295892316,False,0.24033774435520172
cbis_test|native,cbis_01322,0,0.6278526782989502,0,0.2105986926020408,False,0.28444474935531616,0.1757018945446245,True,0.5148338564679499,True,0.21248765289783478
cbis_test|native,cbis_01323,0,0.7020638982454935,0,0.21839126275510204,False,0.1638917624950409,0.005604253484696077,True,0.43267112554453224,False,0.21827678382396698
cbis_test|native,cbis_01324,1,0.6883726914723715,1,0.2044403698979592,True,0.5615328550338745,0.6107627589491229,True,0.3549950114235873,False,0.2050088346004486
cbis_test|native,cbis_01325,1,0.7251061399777731,1,0.267398756377551,True,0.5147140622138977,0.6571045008125486,True,0.5574930840245989,False,0.26614752411842346
cbis_test|native,cbis_01326,0,0.6069177985191345,0,0.1965282206632653,False,0.1814001053571701,0.12657010297612312,True,0.4695565543027694,False,0.1971166878938675
cbis_test|native,cbis_01327,1,0.6789735555648804,1,0.1866031568877551,False,0.2961884140968323,0.26633592271035966,True,0.45053679842516114,False,0.1868136078119278
cbis_test|native,cbis_01328,1,0.6389298836390177,1,0.14967315051020408,True,0.4206685423851013,0.4484068020472181,True,0.36520865605442515,False,0.14968933165073395
cbis_test|native,cbis_01329,0,0.5532175501187643,0,0.21928810586734693,False,0.6321884989738464,0.4610416666666667,False,0.34317415768518816,False,0.21874387562274933
cbis_test|native,cbis_01330,0,0.6448416113853455,0,0.24728954081632654,False,0.4963524639606476,0.45146478691069003,True,0.46385919461657715,False,0.2468128651380539
cbis_test|native,cbis_01331,1,0.7045447031656901,1,0.1651985012755102,False,0.2390596717596054,0.23433921595042437,True,0.42528406853127754,False,0.16389061510562897
cbis_test|native,cbis_01332,1,0.7228082617123922,1,0.19856106505102042,True,0.38949811458587646,0.7179795550210463,False,0.3203924417790429,False,0.1985207349061966
cbis_test|native,cbis_01333,1,0.6730945706367493,1,0.09526466836734694,False,0.21577796339988708,0.24483280120988068,True,0.2585627635359006,False,0.09483040869235992
cbis_test|native,cbis_01334,1,0.7262590527534485,1,0.2252471301020408,True,0.40727975964546204,0.5475776037133739,True,0.4321493623599383,False,0.2254083752632141
cbis_test|native,cbis_01335,1,0.7195121645927429,1,0.16882573341836735,True,0.5202944874763489,0.603587210813621,False,0.2822945070114354,False,0.16949628293514252
cbis_test|native,cbis_01336,1,0.6276172995567322,1,0.1692841198979592,True,0.43283888697624207,0.521096700049253,True,0.34868833279155126,False,0.16960354149341583
cbis_test|native,cbis_01337,0,0.5483491619427999,0,0.25843032525510207,False,4.4258586058276705e-06,0.0,True,0.6142299619491249,False,0.2594701945781708
cbis_test|native,cbis_01338,0,0.6504911780357361,0,0.26193797831632654,True,0.4896259605884552,0.43101320498580775,True,0.4274914353341985,False,0.2609211206436157
cbis_test|native,cbis_01339,0,0.6509670615196228,0,0.2626953125,True,0.568970263004303,0.4479855307471623,True,0.5434790087210716,False,0.26235854625701904
cbis_test|native,cbis_01340,0,0.5865175525347391,0,0.22142059948979592,True,0.406560480594635,0.2318578916715201,True,0.4700917388409468,False,0.2225521057844162
cbis_test|native,cbis_01341,0,0.5848298668861389,0,0.23557079081632654,True,0.5191306471824646,0.2611656087709175,True,0.423031802641501,False,0.23566390573978424
cbis_test|native,cbis_01342,0,0.6824486255645752,0,0.23108657525510204,False,0.4040164351463318,0.29217443249701314,True,0.40869261362659304,False,0.23150506615638733
cbis_test|native,cbis_01343,0,0.7019002437591553,0,0.20087292729591838,True,0.2970726788043976,0.36911244214538524,True,0.35448153767154933,False,0.20104047656059265
cbis_test|native,cbis_01344,1,0.6419128576914469,1,0.26747847576530615,False,0.20500469207763672,0.08511819401397049,True,0.48245333473269103,False,0.26769137382507324
cbis_test|native,cbis_01345,1,0.6245551307996114,1,0.2207828443877551,False,0.12239003926515579,0.02729528535980149,True,0.5486046964850275,True,0.22222162783145905
cbis_test|native,cbis_01346,0,0.6485302646954855,0,0.16282684948979592,False,0.13271018862724304,0.0809880061750386,True,0.35024827442320816,False,0.16280703246593475
cbis_test|native,cbis_01347,0,0.5800290703773499,0,0.28268494897959184,False,0.2582780420780182,0.12850619699934768,True,0.5549372497668035,False,0.2839398980140686
cbis_test|native,cbis_01348,0,0.5440833965937296,0,0.2108777104591837,False,0.020840607583522797,0.005560161927522802,True,0.5066224403280037,False,0.2107924222946167
cbis_test|native,cbis_01349,0,0.6042878230412801,0,0.2048389668367347,False,0.3284243047237396,0.22145391137033252,True,0.4002768359661851,False,0.2047337144613266
cbis_test|native,cbis_01350,0,0.6230182647705078,0,0.17219387755102042,False,0.22152051329612732,0.1578425294482331,True,0.40588267273175127,False,0.1728391796350479
cbis_test|native,cbis_01351,0,0.6099840601285299,0,0.18020567602040816,True,0.48397737741470337,0.4545593168648978,True,0.347547895324683,True,0.17973898351192474
cbis_test|native,cbis_01352,0,0.5587360461552938,0,0.1936981823979592,True,0.2743712067604065,0.12525632262474368,False,0.31634072917103295,False,0.19367271661758423
cbis_test|native,cbis_01353,0,0.6507738629976908,0,0.2463329081632653,False,0.07660051435232162,0.03302583025830258,False,0.3454593677968862,False,0.24745967984199524
cbis_test|native,cbis_01354,0,0.6035614411036173,0,0.22516741071428573,True,0.35465192794799805,0.19827005167378117,True,0.48310256663585066,False,0.22447027266025543
cbis_test|native,cbis_01355,0,0.6007319291432699,0,0.19110730229591838,False,0.24684922397136688,0.13616627105887802,False,0.2954372543388057,False,0.1913416087627411
cbis_test|native,cbis_01356,0,0.577711304028829,0,0.21141581632653061,False,0.13371126353740692,0.06753542248422795,True,0.33509010452046517,False,0.21204635500907898
cbis_test|native,cbis_01357,0,0.6176605820655823,0,0.20812739158163265,True,0.4000190794467926,0.36635775718381225,False,0.32745216831840745,False,0.2076447457075119
cbis_test|native,cbis_01358,0,0.5735257863998413,0,0.19463488520408162,False,0.16624990105628967,0.1070609940180019,True,0.4806924687048209,False,0.19454866647720337
cbis_test|native,cbis_01359,0,0.643703560034434,0,0.22138073979591838,False,0.21687738597393036,0.09970354189421127,True,0.480306206011377,False,0.22181053459644318
cbis_test|native,cbis_01360,1,0.6887970964113871,1,0.23875956632653061,False,0.16059207916259766,0.02357152819749872,True,0.5747717605046185,False,0.239206925034523
cbis_test|native,cbis_01361,1,0.6451118985811869,1,0.2912747130102041,True,0.33093005418777466,0.16586265607264472,True,0.6380675182424937,True,0.2909534275531769
cbis_test|native,cbis_01362,1,0.5708205501238505,1,0.20543686224489796,True,0.1803930103778839,0.08345316078180753,True,0.46802259689659964,False,0.20545077323913574
cbis_test|native,cbis_01363,1,0.6101720333099365,1,0.15455596301020408,False,0.24101024866104126,0.1634948662611994,True,0.3640481367289113,False,0.15400440990924835
cbis_test|native,cbis_01364,0,0.6578003366788229,0,0.20033482142857142,False,0.19303634762763977,0.09980837667670407,True,0.5022613874835012,False,0.2002100646495819
cbis_test|native,cbis_01365,0,0.6329609553019205,0,0.24870455994897958,False,0.1531878560781479,0.032324621733149934,True,0.5203815079249647,False,0.24951456487178802
cbis_test|native,cbis_01366,0,0.6248254179954529,0,0.1856066645408163,False,0.23973235487937927,0.17025523164388534,True,0.3827480399428996,False,0.18657004833221436
cbis_test|native,cbis_01367,0,0.6175367633501688,0,0.3352798150510204,False,0.044669199734926224,0.0,True,0.5651736437119498,False,0.33562228083610535
cbis_test|native,cbis_01368,1,0.7274289131164551,1,0.2584701849489796,True,0.4142600893974304,0.4483127675648451,True,0.5437382217520048,False,0.25726306438446045
cbis_test|native,cbis_01369,1,0.6228700677553812,1,0.22239716198979592,True,0.4790475070476532,0.3346977329974811,True,0.47323104072964645,False,0.22136887907981873
cbis_test|native,cbis_01370,0,0.6030948559443156,0,0.2012316645408163,False,0.22473609447479248,0.11060238305383936,True,0.48675758850431516,False,0.20229223370552063
cbis_test|native,cbis_01371,0,0.6419099171956381,0,0.19216358418367346,True,0.24272224307060242,0.24041855774079676,True,0.43885656499840575,False,0.19129949808120728
cbis_test|native,cbis_01372,1,0.6335506439208984,1,0.17841198979591838,False,0.15181201696395874,0.0948509485094851,True,0.4658485728830601,False,0.1769166737794876
cbis_test|native,cbis_01373,1,0.5950764218966166,1,0.2312858737244898,False,0.03134903684258461,0.0,True,0.5320599379456692,False,0.23037704825401306
cbis_test|native,cbis_01374,1,0.5824470917383829,1,0.2345344387755102,False,0.2927466630935669,0.1754811580139091,True,0.4290710222148416,False,0.2346179336309433
cbis_test|native,cbis_01375,0,0.5960168043772379,0,0.22050382653061223,False,0.0948774516582489,0.014959834527875318,True,0.5267074309661907,True,0.2218213528394699
cbis_test|native,cbis_01376,0,0.6009772221247355,0,0.21930803571428573,False,0.004977445118129253,0.0,True,0.47680686402312644,False,0.21984036266803741
cbis_test|native,cbis_01377,0,0.5737589597702026,0,0.14875637755102042,False,0.09760013222694397,0.07911450946537583,True,0.33399928854091826,False,0.14860881865024567
cbis_test|native,cbis_01378,0,0.603207548459371,0,0.2381218112244898,True,0.47302624583244324,0.354473246721261,True,0.4504779902132146,False,0.2394111156463623
cbis_test|native,cbis_01379,0,0.6451374689737955,0,0.22618383290816327,True,0.5594407916069031,0.5134465675866949,True,0.4799574361447692,False,0.22478578984737396
cbis_test|native,cbis_01380,0,0.5787333448727926,0,0.2283561862244898,True,0.8339045643806458,0.5002442939903678,True,0.5292901236225808,False,0.22779525816440582
cbis_test|native,cbis_01381,1,0.7245280543963114,1,0.2217594068877551,False,0.352358877658844,0.3602648155289883,True,0.5148820273602444,False,0.2234308123588562
cbis_test|native,cbis_01382,1,0.6921940247217814,1,0.23206313775510204,True,0.4431453049182892,0.5589271589846839,True,0.49836060623990597,False,0.2327294647693634
cbis_test|native,cbis_01383,1,0.6480127374331156,1,0.19445551658163265,True,0.46472975611686707,0.48920322022421187,True,0.360666357561229,False,0.19438868761062622
cbis_test|native,cbis_01384,1,0.6025373935699463,1,0.19943797831632654,True,0.7456055879592896,0.5447398843930635,True,0.35355508828352716,False,0.2010958343744278
cbis_test|native,cbis_01385,0,0.5652470390001932,0,0.24216757015306123,False,0.0922672376036644,0.027936066712995134,True,0.460665049703773,False,0.24152320623397827
cbis_test|native,cbis_01386,0,0.6133533914883932,0,0.10532924107142858,False,0.025028234347701073,0.0028145045162979447,False,0.16880577340241362,False,0.10556446760892868
cbis_test|native,cbis_01387,0,0.6451383431752523,0,0.16468032525510204,False,0.09530980885028839,0.0,True,0.3766541494731655,False,0.16527338325977325
cbis_test|native,cbis_01388,0,0.5556634068489075,0,0.16649394132653061,False,0.00025522051146253943,0.0,True,0.4293713210695894,False,0.16591991484165192
cbis_test|native,cbis_01389,0,0.6123401522636414,0,0.10375478316326531,False,0.10415267944335938,0.05284243973198867,True,0.3062879889735585,False,0.1040348932147026
cbis_test|native,cbis_01390,0,0.5200679500897726,0,0.1957110969387755,False,0.0,0.1957110969387755,False,0.3387923292855924,False,0.19479849934577942
cbis_test|native,cbis_01391,0,0.6104285915692648,0,0.16559709821428573,True,0.3656575679779053,0.2267014306725498,True,0.29978270826045467,False,0.16592471301555634
cbis_test|native,cbis_01392,1,0.6233794291814169,1,0.2501195790816326,True,0.528581976890564,0.2964068419240041,True,0.5461050126556816,False,0.25012338161468506
cbis_test|native,cbis_01393,1,0.5704028606414795,1,0.23126594387755103,True,0.4183948040008545,0.20745452516460217,True,0.5116613969864742,False,0.23150666058063507
cbis_test|native,cbis_01394,0,0.6836069822311401,0,0.23092713647959184,True,0.5546020865440369,0.7299783982718617,True,0.4144150086135869,False,0.2306506335735321
cbis_test|native,cbis_01395,0,0.7228648662567139,0,0.22694116709183673,True,0.4682922959327698,0.7067399617590823,True,0.42718753000402226,False,0.22756214439868927
cbis_test|native,cbis_01396,0,0.6074357032775879,0,0.1612125318877551,False,0.256241112947464,0.1271766169154229,True,0.36293129030073157,True,0.16238269209861755
cbis_test|native,cbis_01397,0,0.6252559423446655,0,0.2308673469387755,False,0.028174739331007004,0.0,True,0.4445722771100171,True,0.23240917921066284
cbis_test|native,cbis_01398,0,0.5598441958427429,0,0.2256457270408163,False,0.30886590480804443,0.24871375116931713,True,0.3627746967746473,False,0.22739021480083466
cbis_test|native,cbis_01399,1,0.6588872273763021,1,0.2295719068877551,True,0.5317217111587524,0.5039771141501534,True,0.4630321409124944,False,0.2298412322998047
cbis_test|native,cbis_01400,1,0.6575489640235901,1,0.25173389668367346,False,0.19505618512630463,0.15750242507785775,True,0.5571684045679722,False,0.25190749764442444
cbis_test|native,cbis_01401,0,0.6160325010617574,0,0.22219786352040816,False,0.06590593606233597,0.0,True,0.3702014006904805,False,0.22292326390743256
cbis_test|native,cbis_01402,0,0.6780163645744324,0,0.24216757015306123,True,0.6096890568733215,0.7031549857987257,True,0.3980659761220592,False,0.24387012422084808
cbis_test|native,cbis_01403,0,0.6271754701932272,0,0.212890625,False,0.20922809839248657,0.12873876327976028,True,0.4583522074319956,False,0.2128090113401413
cbis_test|native,cbis_01404,0,0.5838444034258524,0,0.16940369897959184,True,0.3384135067462921,0.20881700795617583,True,0.40100017639155433,False,0.16985316574573517
cbis_test|native,cbis_01405,0,0.6081862052281698,0,0.22594467474489796,False,0.39484626054763794,0.3183892451899359,True,0.491605067733972,True,0.22614295780658722
cbis_test|native,cbis_01406,0,0.586335281531016,0,0.2373644770408163,False,0.3324469029903412,0.18754733311695337,True,0.4642392121523135,False,0.23796065151691437
cbis_test|native,cbis_01407,0,0.6293918689092001,0,0.22652264030612246,True,0.3066428303718567,0.22879944881437675,True,0.5145449469170752,False,0.22641214728355408
cbis_test|native,cbis_01408,0,0.6768087148666382,0,0.2513950892857143,True,0.40610894560813904,0.40039569679732906,True,0.5252464364992111,False,0.2513545751571655
cbis_test|native,cbis_01409,0,0.623734712600708,0,0.1573860012755102,False,0.06386856734752655,0.0018995474607519972,False,0.27236821457938754,False,0.15757909417152405
cbis_test|native,cbis_01410,0,0.6069508194923401,0,0.2205436862244898,False,0.2522209882736206,0.14373983739837398,True,0.5053100573251826,False,0.21987943351268768
cbis_test|native,cbis_01411,0,0.6038058400154114,0,0.24386160714285715,False,0.11573544144630432,0.043380492832380775,True,0.5380602865643671,True,0.2453463077545166
cbis_test|native,cbis_01412,0,0.591941237449646,0,0.201171875,True,0.13043652474880219,0.05802585935036266,False,0.3630359455550735,True,0.20082685351371765
cbis_test|native,cbis_01413,0,0.5982086857159933,0,0.23411591198979592,False,0.3077298104763031,0.1714439365420812,True,0.4870127050216837,False,0.2342560738325119
cbis_test|native,cbis_01414,0,0.585965116818746,0,0.19288105867346939,False,0.13663601875305176,0.051092168353756,True,0.3700172344977171,False,0.19268639385700226
cbis_test|native,cbis_01415,0,0.5561001102129618,0,0.1807437818877551,False,0.0898679718375206,0.04016545118101665,True,0.4105329417433721,False,0.18031199276447296
cbis_test|native,cbis_01416,0,0.6250626047452291,0,0.18917410714285715,True,0.36370962858200073,0.24835389631144922,True,0.448335737690332,False,0.18923920392990112
cbis_test|native,cbis_01417,0,0.6918075879414877,0,0.22899394132653061,True,0.4409429728984833,0.5105964912280702,True,0.5234367255108007,False,0.22803360223770142
cbis_test|native,cbis_01418,0,0.5846667289733887,0,0.22307477678571427,False,0.13989076018333435,0.08387360253203328,True,0.49776235140414093,False,0.2220459133386612
cbis_test|native,cbis_01419,0,0.6299417018890381,0,0.20725047831632654,False,0.15671862661838531,0.030235839548478128,True,0.40329733940454743,False,0.20588089525699615
cbis_test|native,cbis_01420,0,0.6332116524378458,0,0.20167012117346939,False,0.24011829495429993,0.21394172887069587,True,0.38495470689532035,False,0.20228080451488495
cbis_test|native,cbis_01421,0,0.657588263352712,0,0.20511798469387754,True,0.4425300657749176,0.5345361213859742,True,0.4524680074498345,False,0.2055044174194336
cbis_test|native,cbis_01422,0,0.5936037302017212,0,0.2502590880102041,False,0.3047255575656891,0.18735547614042464,True,0.5448724196351731,False,0.24985912442207336
cbis_test|native,cbis_01423,0,0.5671263138453165,0,0.22407126913265307,False,0.09742889553308487,0.05381188118811881,True,0.3860583039855961,False,0.2237103432416916
cbis_test|native,cbis_01424,0,0.5929463505744934,0,0.24236686862244897,False,0.1622598022222519,0.0565974866717441,True,0.3848783174559598,False,0.24180974066257477
cbis_test|native,cbis_01425,0,0.6065026720364889,0,0.2448780293367347,False,0.2658787965774536,0.09933024721757117,True,0.451531941420856,False,0.24467912316322327
cbis_test|native,cbis_01426,1,0.7129960854848226,1,0.2211017219387755,True,0.5459803342819214,0.6586859251118612,True,0.5115429496027588,True,0.2227349877357483
cbis_test|native,cbis_01427,1,0.6682496269543966,1,0.2526307397959184,True,0.6475715041160583,0.485391202039349,True,0.5208377801067328,False,0.25183236598968506
cbis_test|native,cbis_01428,0,0.6430629094441732,0,0.18431122448979592,False,0.2065143585205078,0.1520181514210652,False,0.2542247057090901,False,0.18580754101276398
cbis_test|native,cbis_01429,0,0.65272589524587,0,0.19090800382653061,False,0.16953295469284058,0.060041072200605276,False,0.3881888053654254,False,0.19066882133483887
cbis_test|native,cbis_01430,0,0.6100196242332458,0,0.18279655612244897,False,0.02469315007328987,0.0,True,0.39537907899307,False,0.18283142149448395
cbis_test|native,cbis_01431,0,0.6149023771286011,0,0.2410514987244898,False,0.11061883717775345,0.05175363558597092,True,0.5441762888484012,False,0.24008969962596893
cbis_test|native,cbis_01432,0,0.6516344547271729,0,0.23411591198979592,False,0.3245324194431305,0.17847868426747457,True,0.5041354640143194,False,0.23399628698825836
cbis_test|native,cbis_01433,0,0.7239636580149332,0,0.26211734693877553,True,0.478852242231369,0.6136395267919277,True,0.49892780980113655,False,0.26245227456092834
cbis_test|native,cbis_01434,0,0.7026597658793131,0,0.24372209821428573,False,0.24710367619991302,0.10507246376811594,True,0.4300021926727068,False,0.24442490935325623
cbis_test|native,cbis_01435,1,0.6003091732660929,1,0.23493303571428573,False,0.12316638231277466,0.03274654552337687,True,0.4303131173650262,False,0.23571479320526123
cbis_test|native,cbis_01436,1,0.5874522725741068,1,0.2196468431122449,True,0.2389606535434723,0.12502003526206124,True,0.3766719550555098,False,0.22025160491466522
cbis_test|native,cbis_01437,1,0.6225127577781677,1,0.19188456632653061,True,0.3494953215122223,0.27365762031219637,True,0.49154016989835864,False,0.1916920691728592
cbis_test|native,cbis_01438,0,0.546518603960673,0,0.2336375956632653,False,0.038089949637651443,0.0054990757855822555,True,0.5293483965367913,False,0.2331915944814682
cbis_test|native,cbis_01439,0,0.5571740865707397,0,0.23295998086734693,False,0.07836062461137772,0.04875693941588221,True,0.4809016394129026,True,0.23440614342689514
cbis_test|native,cbis_01440,1,0.5997770031293234,1,0.19216358418367346,False,0.056236084550619125,0.017634586543931324,True,0.4598015482243123,False,0.19222834706306458
cbis_test|native,cbis_01441,1,0.7120329340298971,1,0.2633729272959184,False,0.38323089480400085,0.37482261116367077,True,0.6032849253987449,False,0.26207464933395386
cbis_test|native,cbis_01442,1,0.6446555256843567,1,0.2421875,False,0.3870471715927124,0.2644175974470025,True,0.47992841258503227,False,0.24109460413455963
cbis_test|native,cbis_01443,1,0.6100365916887919,1,0.22074298469387754,False,0.3123900890350342,0.20861002976871995,True,0.5438500558408362,False,0.2215423583984375
cbis_test|native,cbis_01444,1,0.5346693396568298,1,0.23808195153061223,False,0.0,0.0,True,0.48363488871146315,False,0.23593711853027344
cbis_test|native,cbis_01445,0,0.6703005035718282,0,0.2502391581632653,False,0.2682541012763977,0.19389103207736616,True,0.5317757882888675,False,0.24951094388961792
cbis_test|native,cbis_01446,0,0.5937713185946146,0,0.2186702806122449,False,0.18034541606903076,0.09314184618586742,True,0.5067720797936676,False,0.21938392519950867
cbis_test|native,cbis_01447,1,0.6925451755523682,1,0.15306122448979592,True,0.4235149621963501,0.5784034212401996,True,0.3698786909242861,False,0.15420527756214142
cbis_test|native,cbis_01448,1,0.6907423933347067,1,0.15898038903061223,True,0.35374778509140015,0.5138246911505169,False,0.264914459335949,False,0.15930339694023132
cbis_test|native,cbis_01449,1,0.5946448644002279,1,0.22781808035714285,False,0.02353573963046074,0.001072561089349002,True,0.5447145399654819,False,0.22770927846431732
cbis_test|native,cbis_01450,1,0.5786014397939047,1,0.23232222576530612,False,0.02040456049144268,0.0,True,0.5563013319743042,False,0.2316247969865799
cbis_test|native,cbis_01451,0,0.5943990349769592,0,0.22953204719387754,True,0.5412116646766663,0.3887242268041237,True,0.4042835570300413,False,0.2296392172574997
cbis_test|native,cbis_01452,0,0.5875396529833475,0,0.22584502551020408,False,0.1982947140932083,0.14017495199487945,True,0.5233476766444873,False,0.22621221840381622
cbis_test|native,cbis_01453,1,0.575276513894399,1,0.2416095344387755,False,0.14334814250469208,0.04671705243268776,True,0.5143234248190789,False,0.2422521412372589
cbis_test|native,cbis_01454,1,0.712864875793457,1,0.24073262117346939,True,0.40408486127853394,0.664033107599699,True,0.4273333398811465,False,0.24204958975315094
cbis_test|native,cbis_01455,1,0.7103510101636251,1,0.24561543367346939,True,0.3652053773403168,0.3723685018105935,True,0.5948176029722032,False,0.24637815356254578
cbis_test|native,cbis_01456,0,0.5864646633466085,0,0.21603954081632654,False,0.02204781584441662,0.010552812469745376,True,0.4436825273039853,False,0.21681585907936096
cbis_test|native,cbis_01457,0,0.6211414734522501,0,0.24025430484693877,False,0.3423367738723755,0.18355210286632734,True,0.5615417250198933,False,0.24050967395305634
cbis_test|native,cbis_01458,0,0.592394491036733,0,0.17303093112244897,False,0.04197068139910698,0.007861296575489986,True,0.4658676005052822,False,0.17344951629638672
cbis_test|native,cbis_01459,0,0.6447590589523315,0,0.21243223852040816,True,0.3120426833629608,0.2287733048331552,True,0.38993721337225296,False,0.21221186220645905
cbis_test|native,cbis_01460,0,0.6360664963722229,0,0.21635841836734693,False,0.23588068783283234,0.09709604579110434,True,0.37482984676933495,False,0.21626926958560944
cbis_test|native,cbis_01461,0,0.5628860791524252,0,0.2613998724489796,False,0.13996899127960205,0.06080183276059565,True,0.4491701446321596,False,0.2606024742126465
cbis_test|native,cbis_01462,0,0.5744580030441284,0,0.24003507653061223,False,0.15359614789485931,0.07991783233884378,True,0.4458324188828913,False,0.24074923992156982
cbis_test|native,cbis_01463,0,0.7244255940119425,0,0.23612882653061223,True,0.4868055284023285,0.5264002231987166,True,0.5688924286882775,False,0.23626567423343658
cbis_test|native,cbis_01464,0,0.5987504720687866,0,0.19038982780612246,False,0.2857414782047272,0.23364191699729203,True,0.4471025792752365,False,0.1892349272966385
cbis_test|native,cbis_01465,1,0.6755295991897583,1,0.2468311543367347,True,0.2775548994541168,0.15068001026430589,True,0.4032957075263709,False,0.2470507174730301
cbis_test|native,cbis_01466,1,0.6726158062616984,1,0.13996731505102042,False,0.2833918631076813,0.4758197075871615,False,0.13639060171547854,False,0.13975824415683746
cbis_test|native,cbis_01467,0,0.7230131030082703,0,0.20609454719387754,False,0.3381114900112152,0.36273657460041464,True,0.46156071609169097,False,0.20485585927963257
cbis_test|native,cbis_01468,1,0.5770991643269857,1,0.1738879145408163,False,0.0324106439948082,0.020783460282916215,False,0.3727113390053206,False,0.17421697080135345
cbis_test|native,cbis_01469,1,0.7014797131220499,1,0.1649593431122449,False,0.14338159561157227,0.02312978378680373,True,0.3904636626176396,False,0.16549663245677948
cbis_test|native,cbis_01470,0,0.634793241818746,0,0.22694116709183673,False,0.0879664346575737,0.007193229901269393,True,0.4497645635826235,False,0.22661226987838745
cbis_test|native,cbis_01471,1,0.6586403250694275,1,0.16904496173469388,True,0.31367993354797363,0.49026235313053274,True,0.35806546314203036,False,0.16871410608291626
cbis_test|native,cbis_01472,0,0.6888203024864197,0,0.21446508290816327,False,0.24356502294540405,0.15706019806387003,True,0.5186814758989915,False,0.21493519842624664
cbis_test|native,cbis_01473,0,0.7192092339197794,0,0.2293327487244898,True,0.36517396569252014,0.39545277885736496,True,0.4383282234106051,False,0.22829177975654602
cbis_test|native,cbis_01474,0,0.6411308646202087,0,0.2398357780612245,True,0.3618886172771454,0.19907908992416035,True,0.5337177224753282,False,0.24038024246692657
cbis_test|native,cbis_01475,0,0.652763307094574,0,0.2333984375,False,0.4251052141189575,0.35952738184546135,True,0.36674491524361924,False,0.23437775671482086
cbis_test|native,cbis_01476,1,0.7255595326423645,1,0.21681680484693877,True,0.5125336647033691,0.6044031911629334,True,0.42713353618749417,False,0.21661561727523804
cbis_test|native,cbis_01477,1,0.7190030217170715,1,0.20302535076530612,True,0.4927130937576294,0.5889840496582069,True,0.4946254097838742,False,0.20282723009586334
cbis_test|native,cbis_01478,0,0.5867964029312134,0,0.1279296875,True,0.3029073476791382,0.20285087719298245,True,0.34754924147638494,False,0.1281859129667282
cbis_test|native,cbis_01479,0,0.60719233751297,0,0.28186782525510207,True,0.4245946705341339,0.24256281148846529,True,0.6404710679858903,False,0.28292417526245117
cbis_test|native,cbis_01480,0,0.5392404198646545,0,0.2573341836734694,False,0.00013536731421481818,0.0005662760813695169,True,0.5876008843274166,False,0.25593286752700806
cbis_test|native,cbis_01481,0,0.5723180770874023,0,0.22600446428571427,False,0.049932509660720825,0.015583428354237932,True,0.5425517811274636,True,0.22594831883907318
cbis_test|native,cbis_01482,0,0.557023843129476,0,0.2550023915816326,False,0.07608599215745926,0.03363817457442955,True,0.5890094946627141,False,0.2529199719429016
cbis_test|native,cbis_01483,0,0.5883708596229553,0,0.21809231505102042,False,0.057665497064590454,0.03151270832309129,True,0.40016042299152155,False,0.21829691529273987
cbis_test|native,cbis_01484,0,0.5600773692131042,0,0.27499202806122447,False,0.1872084140777588,0.09060126292669535,True,0.5818175358050466,False,0.2750616669654846
cbis_test|native,cbis_01485,1,0.6533911426862081,1,0.15784438775510204,False,0.10958772897720337,0.020227272727272726,False,0.11670467916884501,False,0.15775150060653687
cbis_test|native,cbis_01486,1,0.5896795789400736,1,0.2744738520408163,False,0.15122409164905548,0.05466465845663152,True,0.6289349418602329,False,0.27421948313713074
cbis_test|native,cbis_01487,1,0.674838125705719,1,0.19889987244897958,True,0.34798476099967957,0.2859620944426598,False,0.33109940299593055,False,0.19924210011959076
cbis_test|native,cbis_01488,1,0.6417453289031982,1,0.24188855229591838,False,0.13616272807121277,0.0203865623561896,True,0.49522620489556285,False,0.24150995910167694
cbis_test|native,cbis_01489,0,0.675896962483724,0,0.19724569515306123,True,0.36144497990608215,0.41962823160743534,True,0.4708076819553013,False,0.1972443163394928
cbis_test|native,cbis_01490,0,0.7245678106943766,0,0.18146125637755103,True,0.4393608868122101,0.6624109779398992,False,0.3815280302217543,False,0.18282708525657654
cbis_test|native,cbis_01491,1,0.6623305281003317,1,0.1963687818877551,True,0.5100977420806885,0.4947392153915527,False,0.3976062942597623,False,0.19625350832939148
cbis_test|native,cbis_01492,1,0.6110813021659851,1,0.22265625,False,0.6131364703178406,0.49901046084252193,True,0.3877293294390502,True,0.22323870658874512
cbis_test|native,cbis_01493,0,0.6576568484306335,0,0.18600526147959184,False,0.1153130829334259,0.025520199078731404,True,0.3387212901043149,False,0.18617239594459534
cbis_test|native,cbis_01494,1,0.6281841595967611,1,0.19997608418367346,False,0.17779161036014557,0.06903163950143816,True,0.4702357432040261,False,0.1986440122127533
cbis_test|native,cbis_01495,1,0.6178606549898783,1,0.2107780612244898,False,0.35938945412635803,0.3013888888888889,False,0.3094299560667335,False,0.2091972678899765
cbis_test|native,cbis_01496,1,0.5813442667325338,1,0.24742904974489796,False,0.009500849060714245,0.0,True,0.507711127414771,False,0.24711334705352783
cbis_test|native,cbis_01497,0,0.6918685833613077,0,0.2752311862244898,True,0.46307435631752014,0.3009274413529733,True,0.6398164116389373,False,0.2738676071166992
cbis_test|native,cbis_01498,0,0.6498384674390157,0,0.24501753826530612,False,0.2456398457288742,0.10648629899410336,True,0.5684301890330946,False,0.24663303792476654
cbis_test|native,cbis_01499,0,0.5561063090960184,0,0.21601961096938777,True,0.6917832493782043,0.32550314265760905,True,0.40380635057000236,False,0.21587100625038147
cbis_test|native,cbis_01500,0,0.6524878342946371,0,0.2594666772959184,False,0.20580144226551056,0.10052985822712301,True,0.5047281611360495,False,0.2584937810897827
cbis_test|native,cbis_01501,1,0.6676477392514547,1,0.24264588647959184,True,0.5503309369087219,0.5589948761142697,True,0.5030425498286617,False,0.24196957051753998
cbis_test|native,cbis_01502,1,0.7052275141080221,1,0.20115194515306123,True,0.5019552111625671,0.5578515594768206,True,0.4462157616640036,False,0.20179606974124908
cbis_test|native,cbis_01503,0,0.6360364158948263,0,0.24888392857142858,False,0.2958298921585083,0.14246603123098764,True,0.49812605867200244,False,0.2507117688655853
cbis_test|native,cbis_01504,0,0.6374138792355856,0,0.2126514668367347,True,0.23057207465171814,0.14573420382870422,True,0.5080854083408757,False,0.21286338567733765
cbis_test|native,cbis_01505,0,0.6131280263264974,0,0.1867625956632653,False,0.052280645817518234,0.01868668311374731,False,0.4021918865383924,False,0.1872616857290268
cbis_test|native,cbis_01506,0,0.6336820324261984,0,0.1672313456632653,False,0.16594257950782776,0.036889834303627404,False,0.30352172214703715,False,0.16580188274383545
cbis_test|native,cbis_01507,0,0.648281991481781,0,0.24053332270408162,False,0.12375745922327042,0.044709107235691666,True,0.3898654778070525,False,0.24163056910037994
cbis_test|native,cbis_01508,0,0.597446342309316,0,0.20184948979591838,False,0.036345578730106354,0.0,True,0.3553081872204969,False,0.20015470683574677
cbis_test|native,cbis_01509,0,0.5354916055997213,0,0.26542570153061223,True,0.3696865439414978,0.15354233522587016,True,0.4560506080687285,False,0.26566851139068604
cbis_test|native,cbis_01510,0,0.6375627915064493,0,0.2282764668367347,True,0.46987074613571167,0.334699708092665,True,0.4793685675117678,False,0.2295578569173813
cbis_test|native,cbis_01511,0,0.6351540287335714,0,0.2404735331632653,True,0.12388259172439575,0.04491301059001513,True,0.5172475440405975,False,0.2387016862630844
cbis_test|native,cbis_01512,0,0.593879779179891,0,0.1884765625,False,0.010499866679310799,0.0,True,0.4751605734058861,False,0.18875183165073395
cbis_test|native,cbis_01513,1,0.6082352598508199,1,0.27200255102040816,True,0.43452170491218567,0.24659192589083637,True,0.5420195505727015,False,0.27133163809776306
cbis_test|native,cbis_01514,1,0.7171454032262167,1,0.21595982142857142,True,0.5395569801330566,0.6555168040583386,False,0.355095813180664,False,0.21527470648288727
cbis_test|native,cbis_01515,1,0.6941110293070475,1,0.2977319834183674,True,0.6002712249755859,0.5136363636363637,True,0.6151028441048024,False,0.2981322407722473
cbis_test|native,cbis_01516,1,0.6440502206484476,1,0.2467315051020408,False,0.1569819450378418,0.07376892124928147,True,0.5148072539557014,False,0.24490632116794586
cbis_test|native,cbis_01517,0,0.72258593638738,0,0.23361766581632654,True,0.4971190392971039,0.5235627757159863,True,0.5242001504072653,False,0.23321792483329773
cbis_test|native,cbis_01518,1,0.6571238239606222,1,0.22102200255102042,True,0.4766010046005249,0.4832549322474198,True,0.5484665619788215,False,0.22098995745182037
cbis_test|native,cbis_01519,1,0.715826133886973,1,0.25388632015306123,True,0.5037696361541748,0.36377245508982037,True,0.5531788071389558,False,0.2539744973182678
cbis_test|native,cbis_01520,1,0.6012741327285767,1,0.23858019770408162,False,0.1706310212612152,0.08232921851177888,True,0.5473396092991063,False,0.2389650046825409
cbis_test|native,cbis_01521,1,0.5738367835680643,1,0.22321428571428573,False,0.016181576997041702,0.0,True,0.4929919349136018,False,0.223723903298378
cbis_test|native,cbis_01522,0,0.6822894414265951,0,0.21805245535714285,True,0.5254732370376587,0.5510943507837918,True,0.4675658706946602,False,0.21890920400619507
cbis_test|native,cbis_01523,0,0.6569695075352987,0,0.23879942602040816,True,0.6541765332221985,0.6830759822657086,True,0.5400324507252064,False,0.23700377345085144
cbis_test|native,cbis_01524,1,0.7147952119509379,1,0.1752032844387755,False,0.2990681231021881,0.2594995986085095,True,0.4522588259061988,False,0.1753823608160019
cbis_test|native,cbis_01525,0,0.5593196551005045,0,0.19814253826530612,False,0.01932166889309883,0.014111675126903553,True,0.49768498954362367,False,0.19888783991336823
cbis_test|native,cbis_01526,1,0.6960350672403971,1,0.22171954719387754,False,0.2648546099662781,0.14451836226945752,True,0.43701133935724734,False,0.22270001471042633
cbis_test|native,cbis_01527,0,0.6845224301020304,0,0.22606425382653061,True,0.4187517762184143,0.3599949135300102,True,0.552129959601535,False,0.22459013760089874
cbis_test|native,cbis_01528,0,0.5946792364120483,0,0.17725605867346939,True,0.29808473587036133,0.16750955963981745,True,0.4082780341482062,False,0.1776125729084015
cbis_test|native,cbis_01529,0,0.5956404209136963,0,0.1965282206632653,False,0.016119657084345818,0.0,True,0.41715220456336555,False,0.19674986600875854
cbis_test|native,cbis_01530,0,0.5764352083206177,0,0.21837133290816327,False,0.003172999946400523,0.0,True,0.48113274356355124,False,0.21870653331279755
cbis_test|native,cbis_01531,1,0.6137795646985372,1,0.22947225765306123,False,0.05336511880159378,0.0037261294829995344,True,0.5270586376960523,False,0.230927973985672
cbis_test|native,cbis_01532,1,0.6460100611050924,1,0.2725406568877551,False,0.24080166220664978,0.09418550992155053,True,0.5984438524678004,False,0.27202531695365906
cbis_test|native,cbis_01533,1,0.6825744311014811,1,0.203125,False,0.2772309184074402,0.216136595923766,True,0.4311222473764169,False,0.20306462049484253
cbis_test|native,cbis_01534,1,0.7199187676111857,1,0.2451969068877551,False,0.27961573004722595,0.16367140699067562,True,0.48555421383348163,False,0.2453073412179947
cbis_test|native,cbis_01535,1,0.6792182723681132,1,0.18797831632653061,False,0.07390371710062027,0.005007485416344019,False,0.35505152667212536,True,0.18724113702774048
cbis_test|native,cbis_01536,1,0.6590021649996439,1,0.18817761479591838,True,0.45072266459465027,0.3454444981695103,True,0.45599388270538915,True,0.1890626847743988
cbis_test|native,cbis_01537,1,0.6633371313412985,1,0.28164859693877553,True,0.39573994278907776,0.3001936733376372,True,0.5910742338193841,False,0.28142425417900085
cbis_test|native,cbis_01538,1,0.7166794339815775,1,0.23539142219387754,False,0.3897927403450012,0.34541984732824427,True,0.45464290003859753,False,0.23439151048660278
cbis_test|native,cbis_01539,1,0.6304209431012472,1,0.1639827806122449,True,0.40617603063583374,0.4337860114608682,True,0.4293075205656405,False,0.16338229179382324
cbis_test|native,cbis_01540,0,0.5829858183860779,0,0.20659279336734693,False,0.13751883804798126,0.04299371197791524,False,0.17335680548220192,False,0.20695500075817108
cbis_test|native,cbis_01541,0,0.5423303842544556,0,0.20155054209183673,False,0.02474266104400158,0.07209747791848463,False,0.35488333022831686,True,0.20227834582328796
cbis_test|native,cbis_01542,0,0.5333317518234253,0,0.20970184948979592,False,0.1279953569173813,0.06138675202643399,True,0.49279025920629804,False,0.20994159579277039
cbis_test|native,cbis_01543,0,0.5542214314142863,0,0.23351801658163265,False,0.00016948005941230804,0.0,True,0.4176061591026195,False,0.2330988198518753
cbis_test|native,cbis_01544,0,0.5928821365038554,0,0.2305285395408163,False,0.21645693480968475,0.10699461952344351,True,0.4254859746620132,True,0.23204314708709717
cbis_test|native,cbis_01545,0,0.6067688663800558,0,0.2351921237244898,False,0.1861172318458557,0.10690389294403893,True,0.5065690304571502,False,0.23352406919002533
cbis_test|native,cbis_01546,0,0.598865270614624,0,0.24099170918367346,False,0.2803703248500824,0.16060002097975454,True,0.4200998333022636,True,0.2435419112443924
cbis_test|native,cbis_01547,0,0.5967709422111511,0,0.18466996173469388,False,0.0764734223484993,0.026538318353454236,False,0.1837644665847868,False,0.18536241352558136
cbis_test|native,cbis_01548,0,0.5665227969487509,0,0.24657206632653061,False,0.012352199293673038,0.0,True,0.5177239304141127,False,0.2463735193014145
cbis_test|native,cbis_01549,0,0.5421896378199259,0,0.22423070790816327,False,0.00024345035490114242,0.0,True,0.33197317960500833,False,0.2236054241657257
cbis_test|native,cbis_01550,0,0.6277014414469401,0,0.26333306760204084,False,0.07954321056604385,0.0,True,0.47937535210482196,False,0.263627290725708
cbis_test|native,cbis_01551,0,0.6174044211705526,0,0.2220184948979592,False,0.04028249904513359,0.0,True,0.5034826422793324,False,0.22258757054805756
cbis_test|native,cbis_01552,1,0.6916122436523438,1,0.26329320790816324,False,0.5225695371627808,0.48429319371727747,True,0.4933447464501298,False,0.2615899443626404
cbis_test|native,cbis_01553,1,0.6185309886932373,1,0.19842155612244897,True,0.37927159667015076,0.28277189605389796,True,0.46414779839262155,False,0.1977330595254898
cbis_test|native,cbis_01554,1,0.723352054754893,1,0.24298469387755103,True,0.550552248954773,0.699258466478098,True,0.41010009232109423,False,0.24253477156162262
cbis_test|native,cbis_01555,1,0.7214752634366354,1,0.2575733418367347,True,0.6385270953178406,0.654059505799294,True,0.4483377936163936,True,0.25926658511161804
cbis_test|native,cbis_01556,1,0.6446985403696696,1,0.2432437818877551,True,0.3106907606124878,0.20039939550949915,True,0.5692037152277771,False,0.24289847910404205
cbis_test|native,cbis_01557,1,0.6295095682144165,1,0.24435985331632654,False,0.3459121882915497,0.2429343887619154,False,0.42490257146816995,False,0.24337071180343628
cbis_test|native,cbis_01558,0,0.5712516109148661,0,0.22413105867346939,False,0.5085105299949646,0.329543324795402,True,0.45288811926527767,False,0.2241845577955246
cbis_test|native,cbis_01559,1,0.6291642189025879,1,0.1599170918367347,False,0.06944868713617325,0.0,True,0.40265323784952456,False,0.1597871333360672
cbis_test|native,cbis_01560,0,0.5401228666305542,0,0.1896125637755102,False,0.33592671155929565,0.1234348075818495,True,0.35927130893315823,False,0.19044359028339386
cbis_test|native,cbis_01561,0,0.7061646382013956,0,0.24003507653061223,True,0.48046883940696716,0.4687687088405508,True,0.5383549991241496,False,0.24088437855243683
cbis_test|native,cbis_01562,0,0.6021089355150858,0,0.1851482780612245,False,0.010804865509271622,0.0,True,0.4118038811867407,False,0.1859261691570282
cbis_test|native,cbis_01563,0,0.6418885389963785,0,0.22718032525510204,False,0.05368330702185631,0.0,False,0.39105249132769876,False,0.22704379260540009
cbis_test|native,cbis_01564,0,0.6947342356046041,0,0.19690688775510204,False,0.2762663960456848,0.2184765983481187,False,0.3802128466831675,False,0.19648315012454987
cbis_test|native,cbis_01565,1,0.696562389532725,1,0.21659757653061223,True,0.3317866325378418,0.3174513140480242,True,0.3720132762101924,False,0.21631643176078796
cbis_test|native,cbis_01566,1,0.7140826980272929,1,0.23148517219387754,True,0.47100013494491577,0.6974519796158369,True,0.5265933252159013,False,0.23204883933067322
cbis_test|native,cbis_01567,1,0.6242502530415853,1,0.19210379464285715,True,0.547211766242981,0.3771248688352571,True,0.3728979736201717,False,0.19195161759853363
cbis_test|native,cbis_01568,1,0.6054984132448832,1,0.2203045280612245,False,0.08822514861822128,0.0,True,0.5418848404870837,False,0.22029927372932434
cbis_test|native,cbis_01569,1,0.6121739745140076,1,0.20103236607142858,False,0.11682356148958206,0.02616012238653748,True,0.38202072165184575,False,0.20151330530643463
cbis_test|native,cbis_01570,1,0.6516326069831848,1,0.20740991709183673,False,0.3707440197467804,0.3626849753366218,True,0.4691423871367937,False,0.20751067996025085
cbis_test|native,cbis_01571,0,0.6087454358736674,0,0.2596859056122449,False,0.029372207820415497,0.001258844467595607,True,0.4351919484420537,False,0.2601134479045868
cbis_test|native,cbis_01572,0,0.5886202851931254,0,0.21287069515306123,False,0.043586257845163345,0.00014482958385632905,True,0.525427010665767,False,0.2133193016052246
cbis_test|native,cbis_01573,0,0.5895053148269653,0,0.16605548469387754,False,0.1576450914144516,0.05843033306442319,True,0.4173009558897568,False,0.1656884104013443
cbis_test|native,cbis_01574,0,0.536382794380188,0,0.1963488520408163,False,0.25238558650016785,0.15640444211872784,True,0.4323880337487472,False,0.19731950759887695
cbis_test|native,cbis_01575,0,0.6146120429039001,0,0.2333984375,True,0.31165945529937744,0.1942339373970346,True,0.47367405728305945,False,0.23343408107757568
cbis_test|native,cbis_01576,0,0.6258717775344849,0,0.19971699617346939,False,0.23216435313224792,0.18190925162050678,False,0.3470392080550235,False,0.19997525215148926
cbis_test|native,cbis_01577,1,0.578953742980957,1,0.13651945153061223,False,0.0026528541930019855,0.0,True,0.31315396142867075,True,0.1374395489692688
cbis_test|native,cbis_01578,1,0.6257341702779134,1,0.1742267219387755,True,0.386402428150177,0.40092509698597434,True,0.3528405731297186,False,0.1735163778066635
cbis_test|native,cbis_01579,1,0.7173600196838379,1,0.2862523915816326,True,0.3897179067134857,0.26465557456072153,True,0.5956181132403229,False,0.28604233264923096
cbis_test|native,cbis_01580,1,0.7021727363268534,1,0.2269013073979592,True,0.44023534655570984,0.7277786739796741,True,0.44708250592344567,True,0.2278728485107422
cbis_test|native,cbis_01581,1,0.6415224273999532,1,0.23457429846938777,False,0.31466197967529297,0.24229476442773315,True,0.48464524877909976,False,0.23499535024166107
cbis_test|native,cbis_01582,1,0.6073326667149862,1,0.259944993622449,True,0.2778592109680176,0.12861264609516357,True,0.4780848847506139,False,0.2595090866088867
cbis_test|native,cbis_01583,0,0.6611449718475342,0,0.2625757334183674,False,0.17077377438545227,0.03406510219530658,True,0.49334191226613705,False,0.26373350620269775
cbis_test|native,cbis_01584,0,0.6156806151072184,0,0.2504982461734694,False,0.10281044989824295,0.0010178792706673748,True,0.5677430640008874,False,0.25176259875297546
cbis_test|native,cbis_01585,0,0.5991643071174622,0,0.19280133928571427,False,0.04721278324723244,0.020549717894300948,False,0.36593677340159786,False,0.19343462586402893
cbis_test|native,cbis_01586,0,0.5752598245938619,0,0.20818718112244897,False,0.08619613200426102,0.08986910716186017,True,0.3215470219122238,False,0.20821627974510193
cbis_test|native,cbis_01587,0,0.5558377106984457,0,0.22937260841836735,False,0.041695576161146164,0.007198616369840602,True,0.41998172759945146,True,0.23102518916130066
cbis_test|native,cbis_01588,0,0.5696366628011068,0,0.2326610331632653,False,0.23754173517227173,0.12873037329728607,True,0.34542479617307636,True,0.23319151997566223
cbis_test|native,cbis_01589,1,0.613625168800354,1,0.23531170280612246,False,0.3332222104072571,0.1827485380116959,True,0.45268381984604183,False,0.23584236204624176
cbis_test|native,cbis_01590,1,0.5996166467666626,1,0.2477080676020408,False,0.14577892422676086,0.041154933493998236,True,0.46618700970688837,False,0.24719439446926117
cbis_test|native,cbis_01591,0,0.6441144347190857,0,0.19846141581632654,True,0.40589645504951477,0.43924560898358767,True,0.4461806101022354,False,0.19820618629455566
cbis_test|native,cbis_01592,0,0.6231582760810852,0,0.2099011479591837,False,0.11893368512392044,0.055364564626199396,True,0.5116346575265963,False,0.2098180502653122
cbis_test|native,cbis_01593,1,0.7178396582603455,1,0.21448501275510204,True,0.5804696083068848,0.6446411634524186,True,0.3911123328854998,True,0.21536625921726227
cbis_test|native,cbis_01594,1,0.7193346818288168,1,0.2360889668367347,True,0.5678355693817139,0.5572160546541418,True,0.42771823484615784,False,0.23554040491580963
cbis_test|native,cbis_01595,1,0.6301653981208801,1,0.20075334821428573,False,0.1178002581000328,0.06099298264127051,True,0.4337548603751821,False,0.19991125166416168
cbis_test|native,cbis_01596,1,0.6307898958524069,1,0.232421875,False,0.2149946093559265,0.08235646231356313,True,0.5398596482809044,False,0.23231574892997742
cbis_test|native,cbis_01597,1,0.5975462992986044,1,0.2127311862244898,False,0.13692256808280945,0.048259813840550385,True,0.5265395303662048,False,0.21341738104820251
cbis_test|native,cbis_01598,1,0.6892786423365275,1,0.2391780931122449,True,0.46260982751846313,0.5086602313959061,True,0.56389895989328,False,0.2386290729045868
cbis_test|native,cbis_01599,0,0.663198192914327,0,0.2667211415816326,False,0.2833903133869171,0.16309098132697655,True,0.47911380245144797,False,0.2664054334163666
cbis_test|native,cbis_01600,0,0.5876221060752869,0,0.17600047831632654,False,0.06323854625225067,0.0010072628956157557,True,0.43108460987984204,False,0.1762954443693161
cbis_test|native,cbis_01601,0,0.6348765095074972,0,0.19852120535714285,False,0.16116458177566528,0.042107457397467296,True,0.44574201374928796,False,0.19790668785572052
cbis_test|native,cbis_01602,0,0.549797793229421,0,0.19804288903061223,False,0.01755443401634693,0.19804288903061223,True,0.4708600837085783,False,0.1979711800813675
cbis_test|native,cbis_01603,0,0.5481561819712321,0,0.21326929209183673,True,0.9109727144241333,0.5538323218700831,True,0.3749711882208199,False,0.21334509551525116
cbis_test|native,cbis_01604,0,0.6504345734914144,0,0.13990752551020408,True,0.3574191629886627,0.47098387514012247,True,0.3143691923900494,False,0.14091746509075165
cbis_test|native,cbis_01605,0,0.7011255423227946,0,0.22472895408163265,True,0.6517318487167358,0.7793909052982896,True,0.49289658833452,False,0.22410348057746887
cbis_test|native,cbis_01606,0,0.5986219644546509,0,0.24266581632653061,False,0.25134003162384033,0.13114503816793893,True,0.49829822658988693,False,0.24131637811660767
cbis_test|native,cbis_01607,0,0.606086810429891,0,0.19383769132653061,False,0.30278387665748596,0.22882726029100858,False,0.24814763611460997,False,0.1941031664609909
cbis_test|native,cbis_01608,0,0.6719816128412882,0,0.25697544642857145,False,0.3678247630596161,0.3327521069456553,True,0.5476082347443152,False,0.256388783454895
cbis_test|native,cbis_01609,1,0.6905532081921896,1,0.2626155931122449,False,0.3512657582759857,0.1525819265143992,True,0.4572498050584904,False,0.26315438747406006
cbis_test|native,cbis_01610,0,0.5628883639971415,0,0.2637515943877551,False,0.24035435914993286,0.11105805958747135,True,0.4723589268316574,False,0.2647753655910492
cbis_test|native,cbis_01611,1,0.6421503822008768,1,0.14409279336734693,True,0.5346892476081848,0.48844827586206896,False,0.28600791065372033,False,0.14389370381832123
cbis_test|native,cbis_01612,0,0.5689606269200643,0,0.22849569515306123,False,0.2906090319156647,0.18311795435798736,True,0.48837157976971485,False,0.228914275765419
cbis_test|native,cbis_01613,0,0.5928447445233663,0,0.25498246173469385,False,0.1167253777384758,0.03546324429731078,True,0.5470587084711553,False,0.25468191504478455
cbis_test|native,cbis_01614,0,0.610683540503184,0,0.2372448979591837,False,0.0620260052382946,0.0,True,0.5278452794552363,False,0.23616527020931244
cbis_test|native,cbis_01615,0,0.5722788572311401,0,0.2224968112244898,False,0.06634140014648438,0.037029790148216994,True,0.5010435047963672,True,0.22260861098766327
cbis_test|native,cbis_01616,0,0.6799190839131674,0,0.23967633928571427,False,0.42399245500564575,0.3531359205444179,True,0.500767865442461,False,0.23962841928005219
cbis_test|native,cbis_01617,0,0.6302641828854879,0,0.20952248086734693,False,0.3867761790752411,0.32292538466490694,True,0.490036722386439,False,0.21009968221187592
cbis_test|native,cbis_01618,0,0.5912631948788961,0,0.16637436224489796,False,0.06902937591075897,0.037881781742223224,True,0.4233286615113332,False,0.16692179441452026
cbis_test|native,cbis_01619,0,0.6456412871678671,0,0.1864437181122449,True,0.40655356645584106,0.7236538119779634,True,0.35351504149210333,True,0.18861238658428192
cbis_test|native,cbis_01620,1,0.5595409870147705,1,0.21364795918367346,False,0.018865903839468956,0.0028022031114117306,True,0.4983373621872313,False,0.2131788581609726
cbis_test|native,cbis_01621,1,0.6089087923367819,1,0.25312898596938777,False,0.08518382906913757,4.396570674873599e-05,True,0.5736836587762891,False,0.2533077299594879
cbis_test|native,cbis_01622,0,0.6352595289548238,0,0.2344347895408163,True,0.49009451270103455,0.3781135415349602,True,0.47591498512954467,False,0.23466220498085022
cbis_test|native,cbis_01623,0,0.6595617532730103,0,0.2250079719387755,False,0.3629513680934906,0.2558262711864407,False,0.3702386081815873,False,0.225215345621109
cbis_test|native,cbis_01624,1,0.7064017454783121,1,0.23846061862244897,False,0.3862929344177246,0.37980558168704925,True,0.38557641835010736,False,0.2386297583580017
cbis_test|native,cbis_01625,1,0.7018229961395264,1,0.23652742346938777,True,0.4679079055786133,0.3924098912974382,True,0.5048935598904917,False,0.2383725643157959
cbis_test|native,cbis_01626,0,0.5912878314654032,0,0.22871492346938777,False,0.019360266625881195,0.0,True,0.5632431768086066,False,0.22764280438423157
cbis_test|native,cbis_01627,0,0.6555914680163065,0,0.22458944515306123,True,0.3049398362636566,0.31715610510046366,True,0.47360068981734954,False,0.22430716454982758
cbis_test|native,cbis_01628,1,0.660459021727244,1,0.26110092474489793,True,0.5078151226043701,0.3660134576791406,True,0.5020663787774325,True,0.26250728964805603
cbis_test|native,cbis_01629,1,0.657139241695404,1,0.2370655293367347,True,0.4221389889717102,0.4055630327501122,True,0.5296154899099015,False,0.2361944168806076
cbis_test|native,cbis_01630,0,0.5897315343221029,0,0.25143494897959184,False,0.11578784883022308,0.029870425096612866,True,0.5666053885299684,False,0.25071871280670166
cbis_test|native,cbis_01631,0,0.6035256783167521,0,0.25906808035714285,False,0.008078153245151043,0.0,True,0.5647206891950791,False,0.2580817937850952
cbis_test|native,cbis_01632,0,0.6147076884905497,0,0.19901945153061223,False,0.15288245677947998,0.03674948240165631,True,0.33481698232789364,False,0.19813230633735657
cbis_test|native,cbis_01633,0,0.6250629226366679,0,0.16964285714285715,False,0.11661875993013382,0.031762808032485955,True,0.3846430830113453,False,0.17016290128231049
cbis_test|native,cbis_01634,0,0.6037382086118063,0,0.2064532844387755,True,0.39804911613464355,0.21514537654909438,True,0.44735255814385744,False,0.20575740933418274
cbis_test|native,cbis_01635,0,0.5473053455352783,0,0.27266023596938777,False,0.002769104205071926,0.27266023596938777,True,0.4873977446612606,False,0.2723751962184906
cbis_test|native,cbis_01636,0,0.5846633116404215,0,0.20047433035714285,False,0.053668662905693054,0.01772510888281171,True,0.4257539572641824,False,0.19960685074329376
cbis_test|native,cbis_01637,0,0.6142184336980184,0,0.15053013392857142,False,0.01574384979903698,0.0,True,0.3941583650025639,False,0.1496586948633194
cbis_test|native,cbis_01638,0,0.6674851775169373,0,0.20746970663265307,False,0.21644055843353271,0.13393599911263934,True,0.35141219507144217,False,0.20746269822120667
cbis_test|native,cbis_01639,0,0.6166370312372843,0,0.2808115433673469,False,0.30816197395324707,0.19663840547374684,True,0.5823023285371517,True,0.2817704975605011
cbis_test|native,cbis_01640,0,0.630148728688558,0,0.1808235012755102,False,0.09970823675394058,0.0005235876223886067,True,0.4412429508851998,False,0.18076376616954803
cbis_test|native,cbis_01641,0,0.5544810692469279,0,0.13641980229591838,False,0.02347107231616974,0.022223567881797263,True,0.33435294225575435,False,0.1363442838191986
cbis_test|native,cbis_01642,0,0.6013343135515848,0,0.19846141581632654,False,0.24879291653633118,0.172462323344866,True,0.36958266700864933,False,0.19738610088825226
cbis_test|native,cbis_01643,0,0.5885929663976034,0,0.21025988520408162,True,0.5019268989562988,0.3434705997520068,True,0.4401622003284218,False,0.20937855541706085
cbis_test|native,cbis_01644,1,0.7155279715855917,1,0.21707589285714285,True,0.312186598777771,0.5133415286716321,True,0.5278313203083622,False,0.21779119968414307
cbis_test|native,cbis_01645,1,0.7204168438911438,1,0.22706074617346939,True,0.45857131481170654,0.5778661365142479,True,0.3921759625233112,False,0.22687140107154846
cbis_test|native,cbis_01646,1,0.6859633525212606,1,0.22283561862244897,True,0.5192852020263672,0.5404777463152545,True,0.3978440738683183,False,0.22284828126430511
cbis_test|native,cbis_01647,0,0.7136157751083374,0,0.2322624362244898,False,0.38264593482017517,0.49318463444857497,True,0.5405088180672871,False,0.23319223523139954
cbis_test|native,cbis_01648,1,0.7195817629496256,1,0.19208386479591838,True,0.4653455317020416,0.6571765498652291,True,0.3602674967260386,False,0.19205433130264282
cbis_test|native,cbis_01649,0,0.5856131315231323,0,0.2853156887755102,False,0.2048347145318985,0.09762913549085009,True,0.6308620665509754,False,0.28308215737342834
cbis_test|native,cbis_01650,1,0.658236543337504,1,0.26161910076530615,True,0.6326306462287903,0.6743530432268324,True,0.4815611899617441,False,0.263089120388031
cbis_test|native,cbis_01651,1,0.5971782406171163,1,0.2256656568877551,True,0.4420423209667206,0.2693290544957509,True,0.508084506738696,False,0.22503148019313812
cbis_test|native,cbis_01652,1,0.6797962784767151,1,0.21390704719387754,False,0.21468915045261383,0.1706780902993067,True,0.5466912982400359,False,0.21326473355293274
cbis_test|native,cbis_01653,1,0.6876166065533956,1,0.14421237244897958,False,0.10463127493858337,0.029504679024855457,False,0.2856535872925463,False,0.14380282163619995
cbis_test|native,cbis_01654,1,0.6636815269788107,1,0.18411192602040816,True,0.2972419857978821,0.4236962623725809,True,0.4292932404741357,False,0.18455012142658234
cbis_test|native,cbis_01655,1,0.667502244313558,1,0.2373844068877551,True,0.1453433781862259,0.07100331836814366,True,0.48439277341946485,False,0.23713336884975433
cbis_test|native,cbis_01656,0,0.5709076921145121,0,0.23913823341836735,True,0.8259268999099731,0.6457539771454179,True,0.47973030073076506,False,0.23988990485668182
cbis_test|native,cbis_01657,0,0.5968468387921652,0,0.19676737882653061,False,0.30787816643714905,0.1985431340677864,False,0.3428660658343357,False,0.19675830006599426
cbis_test|native,cbis_01658,0,0.5695051550865173,0,0.26016422193877553,False,0.27937841415405273,0.11567452647854658,True,0.42940289952250965,True,0.26147010922431946
cbis_test|native,cbis_01659,0,0.64115043481191,0,0.19696667729591838,False,0.07783494889736176,0.03148549602560132,False,0.36507886257039457,False,0.19592107832431793
cbis_test|native,cbis_01660,0,0.6618107557296753,0,0.21512276785714285,False,0.13174094259738922,0.014612761811982464,True,0.4902572405137523,False,0.2146165668964386
cbis_test|native,cbis_01661,0,0.5799840688705444,0,0.21888950892857142,False,0.1308678686618805,0.045289584886900325,False,0.34884469645138994,True,0.21956618130207062
cbis_test|native,cbis_01662,0,0.5477960705757141,0,0.27138472576530615,False,0.2141072303056717,0.10494143997013672,True,0.5849184508389655,False,0.2722383439540863
cbis_test|native,cbis_01663,0,0.6453697681427002,0,0.27138472576530615,False,0.23913118243217468,0.10636606015248608,True,0.48892097277081803,False,0.27217456698417664
cbis_test|native,cbis_01664,0,0.651927669843038,0,0.22718032525510204,True,0.4061408042907715,0.4917542272632385,True,0.39960841698013194,False,0.22759363055229187
cbis_test|native,cbis_01665,0,0.6208290855089823,0,0.19276147959183673,False,0.053204216063022614,0.0,False,0.3470234677092343,False,0.19133009016513824
cbis_test|native,cbis_01666,0,0.6401344339052836,0,0.19975685586734693,False,0.06147775799036026,0.0,True,0.46156403206600216,False,0.2004106342792511
cbis_test|native,cbis_01667,1,0.571744958559672,1,0.09135841836734694,False,0.0,0.0,False,0.03559447421293474,False,0.09152802079916
cbis_test|native,cbis_01668,1,0.6554556091626486,1,0.17948820153061223,False,0.07842222601175308,0.011634702226000106,False,0.33504636346147126,False,0.1801852434873581
cbis_test|native,cbis_01669,0,0.6607466340065002,0,0.22325414540816327,True,0.29257169365882874,0.2208553690503564,True,0.42198049050538106,False,0.2240702211856842
cbis_test|native,cbis_01670,0,0.5872602661450704,0,0.25099649234693877,False,0.04758763685822487,0.019690893524985355,True,0.5957881059944544,False,0.25077322125434875
cbis_test|native,cbis_01671,1,0.7172450025876363,1,0.2274593431122449,True,0.5848140120506287,0.7253056628056628,True,0.4044477163505214,False,0.22735020518302917
cbis_test|native,cbis_01672,1,0.6522843837738037,1,0.2819674744897959,False,0.5300355553627014,0.36102200461477857,True,0.6007050365268857,True,0.28327101469039917
cbis_test|native,cbis_01673,0,0.6273907025655111,0,0.19774394132653061,True,0.30679625272750854,0.2469074097213545,True,0.46227290489158257,False,0.19750267267227173
cbis_test|native,cbis_01674,0,0.6001309156417847,0,0.26572464923469385,False,0.28965339064598083,0.14430516110077368,True,0.5734631368450844,False,0.2656298875808716
cbis_test|native,cbis_01675,1,0.6375806132952372,1,0.17841198979591838,True,0.6498554944992065,0.6762005649717514,True,0.4242820989121977,False,0.17813006043434143
cbis_test|native,cbis_01676,1,0.6518525083859762,1,0.2176139987244898,True,0.3686128854751587,0.30798502807236433,True,0.5311474986364487,False,0.2182336300611496
cbis_test|native,cbis_01677,1,0.6115882396697998,1,0.18118223852040816,True,0.5992823839187622,0.6171003717472119,False,0.30630448922085857,False,0.18165619671344757
cbis_test|native,cbis_01678,0,0.5586858987808228,0,0.24489795918367346,False,0.014580718241631985,0.0013007400762502803,True,0.448930733480456,False,0.24479693174362183
cbis_test|native,cbis_01679,0,0.5476195414861044,0,0.22365274234693877,False,0.22571781277656555,0.22537158658831663,True,0.4655915026771832,False,0.22305870056152344
cbis_test|native,cbis_01680,0,0.7156299153963724,0,0.2620376275510204,False,0.276808500289917,0.11393985973676626,True,0.4961999585751911,False,0.25957727432250977
cbis_test|native,cbis_01681,0,0.5917713443438212,0,0.20461973852040816,False,0.06867126375436783,0.043158814160201404,True,0.47711175426452457,False,0.20478150248527527
cbis_test|native,cbis_01682,0,0.6043246587117513,0,0.19489397321428573,False,0.22229096293449402,0.1385313720983682,True,0.37542735799076743,False,0.1952512562274933
cbis_test|native,cbis_01683,0,0.6129645705223083,0,0.18259725765306123,False,0.031177720054984093,0.001094376986815363,True,0.35065489692925855,False,0.18327967822551727
cbis_test|native,cbis_01684,1,0.604780117670695,1,0.15794403698979592,True,0.34813016653060913,0.29647262497294957,False,0.10722889227105693,False,0.15795186161994934
cbis_test|native,cbis_01685,1,0.7024111151695251,1,0.2399952168367347,True,0.5716928243637085,0.47807457990225616,True,0.5662756634494222,False,0.24040767550468445
cbis_test|native,cbis_01686,0,0.6816892027854919,0,0.23140545280612246,True,0.5529369115829468,0.613400909294179,True,0.542748764378157,False,0.23139318823814392
cbis_test|native,cbis_01687,0,0.5702578028043112,0,0.23686623086734693,False,0.07784148305654526,0.027611100693793363,True,0.4791815496231563,False,0.23587870597839355
cbis_test|native,cbis_01688,1,0.5949103434880575,1,0.25424505739795916,True,0.5966795086860657,0.38164514760259444,True,0.5763167125718013,False,0.2540280818939209
cbis_test|native,cbis_01689,1,0.6506890058517456,1,0.19872050382653061,True,0.5604046583175659,0.47947940545736895,False,0.3511281423927375,False,0.19828176498413086
cbis_test|native,cbis_01690,0,0.6606380144755045,0,0.23584980867346939,False,0.2102561593055725,0.025267204200262516,True,0.49758139870395235,False,0.23458600044250488
cbis_test|native,cbis_01691,0,0.5427810748418173,0,0.20852598852040816,False,0.00042863652925007045,0.00039039625219597894,True,0.5058739229700439,False,0.20820645987987518
cbis_test|native,cbis_01692,1,0.6617450714111328,1,0.26638233418367346,True,0.45105722546577454,0.2656571119524067,True,0.4361790048467202,False,0.2655644416809082
cbis_test|native,cbis_01693,1,0.5715231895446777,1,0.12211017219387756,False,0.14585012197494507,0.12227468407165672,False,0.21112144079136538,False,0.12248852103948593
cbis_test|native,cbis_01694,1,0.7088068326314291,1,0.23140545280612246,True,0.5852404832839966,0.5620943314582432,True,0.4658468721211078,False,0.2309049665927887
cbis_test|native,cbis_01695,1,0.7177194952964783,1,0.2293327487244898,True,0.4911600649356842,0.4994779703487158,True,0.5464258177837371,False,0.22968630492687225
cbis_test|native,cbis_03322,1,0.6385102470715841,1,0.25868941326530615,False,0.28279992938041687,0.10077000334784064,True,0.5654279837280713,False,0.25938814878463745
mias|native,mias_0000,0,0.7094672719637553,0,0.7156808035714286,True,0.8276724815368652,0.2659043945447031,True,0.9365990925154027,False,0.7155834436416626
mias|native,mias_0001,0,0.6075179775555929,0,0.7307676977040817,True,0.7384197115898132,0.16332884969860012,True,0.9520557804604468,True,0.7314092516899109
mias|native,mias_0002,0,0.5601528286933899,0,0.3059630102040816,False,0.24811998009681702,0.1137530160122834,True,0.5325643750559624,False,0.3059520423412323
mias|native,mias_0003,0,0.5553516546885172,0,0.22987085459183673,False,0.003064858028665185,0.005219255324106435,True,0.5637357185160043,False,0.2306099832057953
mias|native,mias_0004,0,0.5935072104136149,0,0.36250398596938777,False,0.12289317697286606,0.026587619116898234,True,0.6323784500810878,False,0.36229318380355835
mias|native,mias_0005,0,0.5921671191851298,0,0.536491549744898,False,0.3844819962978363,0.08729551606449334,True,0.8547121761636637,False,0.5351505279541016
mias|native,mias_0006,0,0.6403157114982605,0,0.32370057397959184,False,0.2951691448688507,0.10065737135200771,True,0.5673534900105917,False,0.3224908709526062
mias|native,mias_0007,0,0.5930755734443665,0,0.661750637755102,False,0.24058112502098083,0.028561236623067778,True,0.8999293953569911,False,0.6611570715904236
mias|native,mias_0008,0,0.6291067798932394,0,0.6651387117346939,True,0.8079301118850708,0.24283546623149818,True,0.8949307091887534,True,0.6667755246162415
mias|native,mias_0009,0,0.5707996288935343,0,0.7111168686224489,True,0.7333319187164307,0.15720468753954794,True,0.9410715039460154,False,0.7121927738189697
mias|native,mias_0010,0,0.5297778050104777,0,0.6736088966836735,False,0.27605709433555603,0.17001174335432903,True,0.9129627392162409,True,0.6754164695739746
mias|native,mias_0011,1,0.6195844610532125,1,0.2850366709183674,True,0.6155681014060974,0.45588323263743497,True,0.5070268036976474,False,0.28558149933815
mias|native,mias_0012,0,0.6243668993314108,0,0.6199178890306123,False,0.47715407609939575,0.14688667149785384,True,0.8577042683792563,False,0.6189212203025818
mias|native,mias_0013,1,0.5844526290893555,1,0.6653380102040817,True,0.9250893592834473,0.27673085403498454,True,0.8936014963309195,False,0.6659336686134338
mias|native,mias_0014,0,0.6336895624796549,0,0.6187220982142857,True,0.7386094927787781,0.265081760231577,True,0.9059161182668267,False,0.6196937561035156
mias|native,mias_0015,0,0.6405600905418396,0,0.6417809311224489,True,0.40184181928634644,0.08564231738035265,True,0.8705736013548285,False,0.6399717926979065
mias|native,mias_0016,1,0.5944224993387858,1,0.2482063137755102,False,0.5343269109725952,0.36992142291527075,True,0.4262654179323575,False,0.2471628040075302
mias|native,mias_0017,0,0.6051546931266785,0,0.3695790816326531,False,0.3741565942764282,0.14875999839221835,True,0.6718349276370051,False,0.36964693665504456
mias|native,mias_0018,0,0.6012802322705587,0,0.5874123086734694,False,0.5160643458366394,0.15041928721174005,True,0.8494648376392343,True,0.5884979963302612
mias|native,mias_0019,1,0.6175761620203654,1,0.26640226403061223,False,0.3638606369495392,0.23372859025032938,True,0.553774932327834,False,0.2675642967224121
mias|native,mias_0020,1,0.5708695650100708,1,0.1795280612244898,False,0.00037169759161770344,0.0,True,0.3807992094263421,False,0.18054966628551483
mias|native,mias_0021,0,0.5717415610949198,0,0.1364795918367347,True,0.5645647048950195,0.4379151762902402,True,0.31698622721743464,False,0.13560035824775696
mias|native,mias_0022,0,0.7077008287111918,0,0.6967075892857143,True,0.8488059639930725,0.28708736197722984,True,0.9289547033771614,False,0.6971275210380554
mias|native,mias_0023,0,0.6455653707186381,0,0.4813855229591837,True,0.7714649438858032,0.34754847863786853,True,0.8065890891287449,False,0.4816511273384094
mias|native,mias_0024,1,0.6538017988204956,1,0.7414301658163265,True,0.8249268531799316,0.23262792578869088,True,0.9589498926331278,True,0.7418875098228455
mias|native,mias_0025,0,0.5984306534131368,0,0.1364795918367347,False,0.07244284451007843,0.024079577849214533,True,0.32627642178256555,False,0.13701534271240234
mias|native,mias_0026,1,0.6286911964416504,1,0.5463568239795918,True,0.7564421892166138,0.28849131257526234,True,0.7983594529523895,True,0.5493561625480652
mias|native,mias_0027,1,0.6773321628570557,1,0.2853954081632653,False,0.3690486252307892,0.24576747992430054,True,0.4483265624303317,True,0.2856046259403229
mias|native,mias_0028,0,0.6107839941978455,0,0.38538345025510207,False,0.4543359577655792,0.14953819661866,True,0.6263516333423194,False,0.3846985995769501
mias|native,mias_0029,0,0.6308706601460775,0,0.17906967474489796,False,0.12719398736953735,0.017220172201722016,True,0.4535249467184136,False,0.17955590784549713
mias|native,mias_0030,1,0.699812094370524,1,0.4896763392857143,True,0.5600870847702026,0.2240812139648403,True,0.824150611021841,False,0.4915831387042999
mias|native,mias_0031,0,0.6041226585706075,0,0.7180723852040817,True,0.7662738561630249,0.22985744033317315,True,0.9468013326164672,True,0.7196847796440125
mias|native,mias_0032,1,0.6460009018580118,1,0.6513273278061225,True,0.5267504453659058,0.09346343457048711,True,0.8728283756229224,True,0.6523661017417908
mias|native,mias_0033,0,0.6284554799397787,0,0.685188137755102,False,0.6258576512336731,0.12343180898421692,True,0.9209116259967721,False,0.6835549473762512
mias|native,mias_0034,1,0.5994777679443359,1,0.6710180165816326,True,0.975690484046936,0.2858571890905881,True,0.8944579082631019,True,0.6703169941902161
mias|native,mias_0035,1,0.6988405783971151,1,0.6360212053571429,True,0.598486065864563,0.1633066193394526,True,0.8555946171533373,False,0.6355023384094238
mias|native,mias_0036,1,0.7230494817097982,1,0.6797074298469388,True,0.8574889898300171,0.2942677026828911,True,0.9038498408553695,False,0.6812618970870972
mias|native,mias_0037,1,0.7132402261098226,1,0.6655173788265306,True,0.8984082341194153,0.30054202976671757,True,0.9090025594330786,False,0.6659807562828064
mias|native,mias_0038,1,0.7259296973546346,1,0.7169363839285714,True,0.9452388286590576,0.27898701804130877,True,0.941096135072474,False,0.7175424098968506
mias|native,mias_0039,0,0.669851541519165,0,0.6648995535714286,True,0.9484299421310425,0.3008212936874288,True,0.902852751197893,False,0.6640074253082275
mias|native,mias_0040,1,0.6457420388857523,1,0.37045599489795916,True,0.58588045835495,0.3562020278593765,True,0.7125051455792024,False,0.3708830177783966
mias|native,mias_0041,1,0.6910866300264994,1,0.6399872448979592,True,0.9473100304603577,0.31253114100647733,True,0.8802605463049151,True,0.6397067904472351
mias|native,mias_0042,0,0.6014078458150228,0,0.17906967474489796,False,0.3428633213043213,0.24040153836125416,True,0.4394383208616909,False,0.1794542521238327
mias|native,mias_0043,0,0.5872107346852621,0,0.6619897959183674,True,0.9516682624816895,0.25023847376788555,True,0.88158703292725,False,0.6627734303474426
mias|native,mias_0044,1,0.6543580492337545,1,0.26572464923469385,False,0.3346702456474304,0.17947812042598293,True,0.6193663001228739,False,0.2653973698616028
mias|native,mias_0045,0,0.5664399266242981,0,0.7017697704081632,True,0.5669214129447937,0.1387945136529508,True,0.9260032978193877,False,0.7023961544036865
mias|native,mias_0046,0,0.5058704018592834,0,0.10925542091836735,False,0.0,0.0,True,0.3266514569765125,False,0.10933200269937515
mias|native,mias_0047,1,0.6620990832646688,1,0.6875199298469388,True,0.7470591068267822,0.233498601224275,True,0.9239155496481657,True,0.6888967156410217
mias|native,mias_0048,1,0.638881266117096,1,0.2850366709183674,True,0.5345427393913269,0.3743294370094302,True,0.6413105670183814,False,0.28447920083999634
mias|native,mias_0049,0,0.530633807182312,0,0.22987085459183673,False,0.022747695446014404,0.050187411770432754,True,0.5426457646483122,False,0.2304714322090149
mias|native,mias_0050,0,0.6139405965805054,0,0.2853954081632653,True,0.8451845645904541,0.6390663886459945,True,0.48190788521911915,False,0.28520044684410095
mias|native,mias_0051,1,0.5981491406758627,1,0.2482063137755102,False,0.2916494905948639,0.113338282603316,True,0.5487947710964881,False,0.2498842179775238
mias|native,mias_0052,0,0.6610009868939718,0,0.6095145089285714,True,0.8993549942970276,0.32815616518981133,True,0.8510255062634636,True,0.6104187369346619
mias|native,mias_0053,1,0.7148656249046326,1,0.7198062818877551,True,0.8606415390968323,0.2725217774837358,True,0.943141350178804,True,0.7213956713676453
mias|native,mias_0054,0,0.6427637736002604,0,0.6341278698979592,True,0.7937130928039551,0.2865486290421739,True,0.8730048741667719,False,0.6344969272613525
mias|native,mias_0055,0,0.6227402488390604,0,0.7254862882653061,True,0.636885404586792,0.18249118981821869,True,0.9481503149656741,False,0.7257019877433777
mias|native,mias_0056,1,0.7163511912027994,1,0.660514987244898,True,0.8974452614784241,0.3028181763321465,True,0.8917446762579331,False,0.6601153016090393
mias|native,mias_0057,1,0.6577351291974386,1,0.6231465242346939,True,0.9321706891059875,0.3209773883007644,True,0.8663634563675991,False,0.6216644048690796
mias|native,mias_0058,0,0.6881031195322672,0,0.7306680484693877,True,0.9110517501831055,0.27374393104576944,True,0.9513534233083075,False,0.7307509779930115
mias|native,mias_0059,0,0.6208572387695312,0,0.6776546556122449,True,0.895560085773468,0.2648418875836517,True,0.9047732830615991,True,0.6781747341156006
mias|native,mias_0060,0,0.6113004287083944,0,0.5882095025510204,True,0.6316637396812439,0.19674412975066569,True,0.8815044647891499,False,0.5869072675704956
mias|native,mias_0061,0,0.6455191572507223,0,0.4180484693877551,True,0.5801371932029724,0.31417916772607846,True,0.7292152152430446,False,0.418605238199234
mias|native,mias_0062,1,0.722024122873942,1,0.6399872448979592,True,0.9267787337303162,0.31253114100647733,True,0.8740159451579843,False,0.640739917755127
mias|native,mias_0063,1,0.6198000311851501,1,0.671875,True,0.7037622332572937,0.17595828181280576,True,0.9085809613295466,True,0.672332763671875
mias|native,mias_0064,0,0.6035909056663513,0,0.3694595025510204,True,0.5762724280357361,0.28071354937026577,True,0.6769829269426736,False,0.37032461166381836
mias|native,mias_0065,1,0.7077826062838236,1,0.6806640625,True,0.9128672480583191,0.2938541270166603,True,0.9073437592446782,True,0.6805134415626526
mias|native,mias_0066,1,0.6300485531489054,1,0.7373644770408163,False,0.7335106730461121,0.1789151794666132,True,0.955664558823083,False,0.738195538520813
mias|native,mias_0067,1,0.7235094308853149,1,0.6640625,True,0.960552453994751,0.30120048019207685,True,0.9059174950361016,True,0.6642457246780396
mias|native,mias_0068,1,0.684298574924469,1,0.7161989795918368,True,0.8520917892456055,0.27906070891992657,True,0.9413391525737961,True,0.7156352400779724
mias|native,mias_0069,1,0.7241361339886984,1,0.6817602040816326,True,0.8758269548416138,0.2933816651075772,True,0.9236969578160565,False,0.6825292706489563
mias|native,mias_0070,0,0.6096224784851074,0,0.7390983737244898,True,0.589889645576477,0.16061576354679802,True,0.957494386012728,True,0.7381198406219482
mias|native,mias_0071,0,0.5638768076896667,0,0.3251355229591837,True,0.3992411196231842,0.21686524429666573,True,0.5763610649426232,True,0.3256218731403351
mias|native,mias_0072,0,0.6583759983380636,0,0.5551458864795918,True,0.5315829515457153,0.17445067716242602,True,0.8614621780255657,False,0.5545149445533752
mias|native,mias_0073,0,0.7076174815495809,0,0.6440728635204082,True,0.8479173183441162,0.31054862765727015,True,0.8730227155343883,True,0.6456855535507202
mias|native,mias_0074,0,0.6292829712231954,0,0.22987085459183673,True,0.4405771493911743,0.4051201876099277,True,0.3963211717926908,False,0.22946421802043915
mias|native,mias_0075,0,0.7187033692995707,0,0.7124920280612245,True,0.9698727130889893,0.2807272727272727,True,0.93959609462404,False,0.7114859223365784
mias|native,mias_0076,0,0.6106420556704203,0,0.3258729272959184,True,0.6478953957557678,0.4272658446895955,True,0.6422537656267457,False,0.3251575529575348
mias|native,mias_0077,1,0.7204810579617819,1,0.46544164540816324,True,0.7440593838691711,0.4145308197415802,True,0.812654940528337,False,0.464706689119339
mias|native,mias_0078,0,0.5919605493545532,0,0.14853714923469388,True,0.40665996074676514,0.29327811876063004,True,0.32344493192609164,False,0.1492609828710556
mias|native,mias_0079,1,0.673780639966329,1,0.09753667091836735,True,0.39371076226234436,0.4876444798724591,False,0.20694926199218416,False,0.09670422971248627
mias|native,mias_0080,0,0.6259769201278687,0,0.12218989158163265,False,0.1889605075120926,0.185785536159601,True,0.33241557428170393,False,0.12272726744413376
mias|native,mias_0081,1,0.6755615870157877,1,0.6943359375,True,0.7383012771606445,0.20243837084673097,True,0.9268570365052965,False,0.693789541721344
mias|native,mias_0082,1,0.5822354952494303,1,0.05757732780612245,False,0.0,0.0,False,0.10562344402801362,False,0.057472292333841324
mias|native,mias_0083,0,0.5296626488367716,0,0.0031887755102040817,False,0.0,0.0031887755102040817,False,0.007113537327486317,False,0.0032156261149793863
mias|native,mias_0084,1,0.5710446834564209,1,0.6522839604591837,True,0.8152124285697937,0.22524639009855604,True,0.9144498811807003,False,0.6528694033622742
mias|native,mias_0085,0,0.5537768403689066,0,0.04075653698979592,False,0.0026443051174283028,0.0,False,0.11332487801531581,False,0.04071421176195145
mias|native,mias_0086,0,0.6146260102589926,0,0.021484375,False,0.001283179735764861,0.0,False,0.05409436232986446,False,0.02169095352292061
mias|native,mias_0087,0,0.5516136686007181,0,0.2850366709183674,False,0.29633429646492004,0.18266193692599253,True,0.6310886605278244,False,0.2844896912574768
mias|native,mias_0088,0,0.5864859620730082,0,0.09753667091836735,False,0.17381519079208374,0.1305467211873391,False,0.21545467887643602,True,0.09837107360363007
mias|native,mias_0089,0,0.6061040163040161,0,0.2745336415816326,True,0.6033271551132202,0.46538248507600466,True,0.45716922589366854,True,0.27331051230430603
mias|native,mias_0090,0,0.624740203221639,0,0.01229671556122449,False,0.040100499987602234,0.06144806294193805,False,0.024914162976801824,False,0.01227960642427206
mias|native,mias_0091,0,0.5863473018010458,0,0.01628268494897959,False,0.007425784133374691,0.0,False,0.05418514171215871,False,0.016531310975551605
mias|native,mias_0092,0,0.6062479019165039,0,0.21303013392857142,False,0.0512404590845108,0.0,True,0.39289214831080993,False,0.21214991807937622
mias|native,mias_0093,0,0.5748489499092102,0,0.021205357142857144,True,0.1644916832447052,0.10601833399760861,False,0.07310274136925926,False,0.021410953253507614
mias|native,mias_0094,0,0.5910826524098715,0,0.027622767857142856,False,0.009998678229749203,0.0,False,0.06392403900356404,False,0.027248334139585495
mias|native,mias_0095,1,0.5843623677889506,1,0.6290856186224489,True,0.4274853467941284,0.0974779718250409,True,0.9018382822326605,False,0.6288202404975891
mias|native,mias_0096,0,0.6054369807243347,0,0.06652582908163265,False,0.11398529261350632,0.11897590361445783,True,0.19015641603160088,False,0.06681652367115021
mias|native,mias_0097,1,0.5996386806170145,1,0.09815449617346939,False,0.08774038404226303,0.01997545677665667,False,0.2166729997658308,False,0.09779899567365646
mias|native,mias_0098,1,0.6084273060162863,1,0.5034279336734694,False,0.4234713613986969,0.14359771902540175,True,0.7771982879067753,False,0.5041179060935974
mias|native,mias_0099,1,0.6192433834075928,1,0.21303013392857142,True,0.49486613273620605,0.34228926582934094,True,0.4692167783437172,False,0.21216130256652832
mias|native,mias_0100,0,0.6525809168815613,0,0.17906967474489796,False,0.2663959860801697,0.10625799697568919,True,0.4487756774339511,False,0.18020327389240265
mias|native,mias_0101,1,0.6197917262713114,1,0.477718431122449,True,0.7386099696159363,0.29359403530127814,True,0.7950867684364102,False,0.4775345027446747
mias|native,mias_0102,0,0.6355067094167074,0,0.6874601403061225,True,0.8342220783233643,0.263982293351494,True,0.9180824050004077,True,0.6884260177612305
mias|native,mias_0103,0,0.570973813533783,0,0.03453842474489796,False,0.0011946483282372355,0.0,False,0.07742464295577639,False,0.034626588225364685
mias|native,mias_0104,1,0.622412919998169,1,0.6948541135204082,True,0.8344842791557312,0.24035911602209944,True,0.9318757640059895,True,0.6945291757583618
mias|native,mias_0105,1,0.646817942460378,1,0.7097616390306123,True,0.7502846121788025,0.24046195652173913,True,0.9337152723839277,False,0.7080730199813843
mias|native,mias_0106,0,0.6242985328038534,0,0.1795280612244898,True,0.5274389386177063,0.5189025362896794,True,0.34336260284549913,False,0.1797725111246109
mias|native,mias_0107,1,0.614554206530253,1,0.26572464923469385,False,0.23342666029930115,0.11238575780654989,True,0.6224080000967935,False,0.26625627279281616
mias|native,mias_0108,1,0.5936846931775411,1,0.4351283482142857,True,0.7729698419570923,0.3481534751893058,True,0.6521924177236486,False,0.43258777260780334
mias|native,mias_0109,1,0.6665228009223938,1,0.4395727040816326,True,0.8916680812835693,0.4550235763511063,True,0.795548992430304,False,0.4393315315246582
mias|native,mias_0110,1,0.6357553601264954,1,0.6643813775510204,False,0.47413763403892517,0.09010480810314928,True,0.8998841546711287,False,0.6640423536300659
mias|native,mias_0111,1,0.6240243514378866,1,0.6387914540816326,True,0.9532070159912109,0.3131161861974292,True,0.8566412877552158,True,0.6398013830184937
mias|native,mias_0112,1,0.6763680378595988,1,0.7183115433673469,True,0.8882336616516113,0.27845291604239497,True,0.9400389855289923,False,0.7192012667655945
mias|native,mias_0113,1,0.6697162787119547,1,0.677375637755102,True,0.940296471118927,0.2952806873014005,True,0.9178215477510667,True,0.6789880394935608
mias|native,mias_0114,1,0.6349838376045227,1,0.7399553571428571,True,0.7429489493370056,0.2529621167844429,True,0.954898817220897,True,0.7413523197174072
mias|native,mias_0115,0,0.5818024675051371,0,0.6439931441326531,True,0.6160225868225098,0.15552948238696826,True,0.9037715580195955,False,0.6450021266937256
mias|native,mias_0116,0,0.5800997614860535,0,0.1364795918367347,False,0.006883605848997831,0.0,True,0.37927317621201123,False,0.13611161708831787
mias|native,mias_0117,0,0.5666162768999735,0,0.48848054846938777,True,0.7073370218276978,0.27077432407577706,True,0.7718201523126978,False,0.4876161515712738
mias|native,mias_0118,0,0.6275675892829895,0,0.7182517538265306,True,0.677423894405365,0.17451375258099874,True,0.9401497773524286,True,0.7186331748962402
cbis_test|widefield,cbis_01318,1,0.7006209890047709,1,0.06993383290816327,False,0.17879681289196014,0.25567602631822817,False,0.08713800084516253,False,0.07016873359680176
cbis_test|widefield,cbis_01319,1,0.6848820447921753,1,0.05586336096938776,False,0.10127299278974533,0.13298623367454995,False,0.043625162308519864,False,0.05563417077064514
cbis_test|widefield,cbis_01320,1,0.6103437145551046,1,0.06686463647959184,False,0.236345112323761,0.28021032504780113,False,0.10789543554521021,False,0.06605163216590881
cbis_test|widefield,cbis_01321,1,0.6126799782117208,1,0.06855867346938775,False,0.04016336426138878,0.022380699491692586,False,0.11021468270577912,True,0.06937268376350403
cbis_test|widefield,cbis_01322,0,0.6786420941352844,0,0.05974968112244898,False,0.04459044709801674,0.0,False,0.13578205836061868,False,0.05900796875357628
cbis_test|widefield,cbis_01323,0,0.6537980635960897,0,0.06204161352040816,False,0.031035346910357475,0.005582747017436525,False,0.09460911535659287,False,0.061823878437280655
cbis_test|widefield,cbis_01324,1,0.7099722623825073,1,0.05815529336734694,False,0.1006891205906868,0.19380702239424938,False,0.07120690991851393,False,0.058148011565208435
cbis_test|widefield,cbis_01325,1,0.7215179204940796,1,0.07595264668367346,True,0.2535005807876587,0.37721216941737923,False,0.13414582591391888,False,0.07617427408695221
cbis_test|widefield,cbis_01326,0,0.596249004205068,0,0.05560427295918367,False,0.08600358664989471,0.07124363150421782,False,0.10763716870434321,True,0.05663050711154938
cbis_test|widefield,cbis_01327,1,0.6439105669657389,1,0.053053252551020405,False,0.14346115291118622,0.1706462616391629,False,0.0751845122143859,False,0.05319180339574814
cbis_test|widefield,cbis_01328,1,0.6770355105400085,1,0.04237085459183673,False,0.05030440911650658,0.038156209987195905,False,0.08341990994236709,False,0.04251391813158989
cbis_test|widefield,cbis_01329,0,0.5688269734382629,0,0.062380420918367346,False,0.004752029664814472,0.0,False,0.06650489729149771,False,0.06215858459472656
cbis_test|widefield,cbis_01330,0,0.6657169063886007,0,0.07021285076530612,True,0.1957312524318695,0.34274113685878393,False,0.09833377278227749,False,0.0705970972776413
cbis_test|widefield,cbis_01331,1,0.7104654312133789,1,0.04689492984693878,False,0.1089041605591774,0.10251846578268221,False,0.10160565382343907,False,0.04683423414826393
cbis_test|widefield,cbis_01332,1,0.7203272183736166,1,0.05705915178571429,True,0.18897561728954315,0.2852730171383021,False,0.031144559945168904,False,0.057457104325294495
cbis_test|widefield,cbis_01333,1,0.6747167706489563,1,0.02716438137755102,False,0.07735564559698105,0.06782201405152224,False,0.058830382021969795,False,0.026827510446310043
cbis_test|widefield,cbis_01334,1,0.7186862428983053,1,0.06393494897959184,True,0.21457724273204803,0.31859816806053365,False,0.0879045689744787,False,0.06434713304042816
cbis_test|widefield,cbis_01335,1,0.7108035087585449,1,0.04799107142857143,True,0.19166240096092224,0.23993622957353528,False,0.053675575289364,False,0.04792506992816925
cbis_test|widefield,cbis_01336,1,0.6820733944574991,1,0.047951211734693876,True,0.18320876359939575,0.23334655035685964,False,0.07408981796860331,False,0.047885265201330185
cbis_test|widefield,cbis_01337,0,0.5631478230158488,0,0.07384008290816327,False,0.001028879196383059,0.0,False,0.16854266107749838,False,0.07408992946147919
cbis_test|widefield,cbis_01338,0,0.5820335745811462,0,0.0742984693877551,True,0.3765287697315216,0.36021345982804626,False,0.08913808143437547,False,0.07484400272369385
cbis_test|widefield,cbis_01339,0,0.6264603932698568,0,0.07415896045918367,True,0.2349456399679184,0.22534960363409637,False,0.13645880870962482,False,0.07351503521203995
cbis_test|widefield,cbis_01340,0,0.6151060859362284,0,0.06305803571428571,False,0.040194835513830185,0.02183000464468184,False,0.1052219452934228,False,0.0628460943698883
cbis_test|widefield,cbis_01341,0,0.6068693002065023,0,0.06794084821428571,False,0.018317081034183502,0.0,False,0.08781184741090522,False,0.06799813359975815
cbis_test|widefield,cbis_01342,0,0.6892452438672384,0,0.06556919642857142,False,0.1948307603597641,0.2780281960295387,False,0.08183289657493431,False,0.06520595401525497
cbis_test|widefield,cbis_01343,0,0.7094065149625143,0,0.057118941326530615,False,0.030354978516697884,0.011842208454238883,False,0.07148087306596321,False,0.05748279020190239
cbis_test|widefield,cbis_01344,1,0.6530602971712748,1,0.07619180484693877,False,0.12248791009187698,0.18298199197746864,False,0.10119042443359386,False,0.07639897614717484
cbis_test|widefield,cbis_01345,1,0.6293456355730692,1,0.062201052295918366,False,0.05754657834768295,0.04561710243979973,False,0.1443831479208127,False,0.06221890449523926
cbis_test|widefield,cbis_01346,0,0.6483571330706278,0,0.04635682397959184,False,0.06224896386265755,0.061662658880109925,False,0.0453528300395428,False,0.047204986214637756
cbis_test|widefield,cbis_01347,0,0.6195524136225382,0,0.08071588010204081,True,0.08623091131448746,0.07199391171993912,False,0.13281612973044432,False,0.07948588579893112
cbis_test|widefield,cbis_01348,0,0.5723908146222433,0,0.06012834821428571,False,0.00037075139698572457,0.0,False,0.13362448168929256,False,0.06008261814713478
cbis_test|widefield,cbis_01349,0,0.6596765319506327,0,0.058115433673469385,False,0.056267134845256805,0.0,False,0.08240805321030396,False,0.05877687409520149
cbis_test|widefield,cbis_01350,0,0.642359991868337,0,0.04884805484693878,False,0.07071683555841446,0.08552803129074316,False,0.09399001271652459,False,0.04934793338179588
cbis_test|widefield,cbis_01351,0,0.6274129350980123,0,0.051279496173469385,False,0.06303831189870834,0.011949635095035688,False,0.07280950757852643,False,0.05084789916872978
cbis_test|widefield,cbis_01352,0,0.5980080962181091,0,0.05721859056122449,False,0.021778138354420662,0.0013188518231186967,False,0.061493904781660426,False,0.05680112540721893
cbis_test|widefield,cbis_01353,0,0.6611523628234863,0,0.0696548150510204,False,0.0671088919043541,0.024222239043221558,False,0.03663177244230888,False,0.06980160623788834
cbis_test|widefield,cbis_01354,0,0.6245202620824178,0,0.06381536989795919,True,0.2247387170791626,0.3090082072579848,False,0.11229780724438979,False,0.06467175483703613
cbis_test|widefield,cbis_01355,0,0.6211487253506979,0,0.0555046237244898,False,0.10917992144823074,0.10649866229395012,False,0.04381244298329688,False,0.05558738484978676
cbis_test|widefield,cbis_01356,0,0.7043540676434835,0,0.06016820790816327,False,0.07903073728084564,0.03891453127486869,False,0.06428208150104729,False,0.060578834265470505
cbis_test|widefield,cbis_01357,0,0.5914678772290548,0,0.0584343112244898,True,0.29317334294319153,0.27474687899341393,False,0.0662896667512232,False,0.05866481363773346
cbis_test|widefield,cbis_01358,0,0.6402286688486735,0,0.05512595663265306,False,0.05053362622857094,0.0026147812043374606,False,0.11653502917344166,False,0.055293042212724686
cbis_test|widefield,cbis_01359,0,0.6670899589856466,0,0.06311782525510204,False,0.14242768287658691,0.11089608750525873,False,0.11915731138290492,False,0.06378507614135742
cbis_test|widefield,cbis_01360,1,0.716788629690806,1,0.06778140943877552,False,0.058574333786964417,0.034331460241705795,False,0.1536508853957337,False,0.06771936267614365
cbis_test|widefield,cbis_01361,1,0.7032120625178019,1,0.08288823341836735,False,0.05738813802599907,0.022547183402967873,False,0.1739876157253595,False,0.08359050750732422
cbis_test|widefield,cbis_01362,1,0.6569893558820089,1,0.05819515306122449,False,0.03150957450270653,0.020961386918833726,False,0.1100113282934582,False,0.058407973498106
cbis_test|widefield,cbis_01363,1,0.6532328724861145,1,0.04392538265306122,False,0.024331863969564438,0.0,False,0.08488052499550348,False,0.043812576681375504
cbis_test|widefield,cbis_01364,0,0.6259320378303528,0,0.05697943239795918,False,0.022204207256436348,0.0,True,0.17981367719856645,True,0.05803840607404709
cbis_test|widefield,cbis_01365,0,0.6355114777882894,0,0.07079081632653061,False,0.007951759733259678,0.0,False,0.12344268126989774,False,0.07067147642374039
cbis_test|widefield,cbis_01366,0,0.6131169597307841,0,0.052654655612244895,False,0.010459753684699535,0.0,False,0.12973784481506645,False,0.052473682910203934
cbis_test|widefield,cbis_01367,0,0.6978521545728048,0,0.09536431760204081,False,0.1000976711511612,0.00542704022793569,False,0.12628641054226025,False,0.09557896107435226
cbis_test|widefield,cbis_01368,1,0.7035044034322103,1,0.07338169642857142,True,0.22340711951255798,0.33991013869896464,False,0.12992177266783198,False,0.07312532514333725
cbis_test|widefield,cbis_01369,1,0.591197152932485,1,0.06311782525510204,True,0.2599874436855316,0.205313127624612,False,0.10232747697987923,False,0.06351346522569656
cbis_test|widefield,cbis_01370,0,0.5700028340021769,0,0.05719866071428571,False,0.02103765681385994,0.032149712092130515,False,0.11865141572445138,False,0.05682603642344475
cbis_test|widefield,cbis_01371,0,0.6794677178064982,0,0.05472735969387755,True,0.08955326676368713,0.18897051985492422,False,0.1059440169564533,False,0.05401263386011124
cbis_test|widefield,cbis_01372,1,0.6521574258804321,1,0.05064174107142857,False,0.05697808042168617,0.02003244120032441,False,0.11110104260994243,False,0.05047227069735527
cbis_test|widefield,cbis_01373,1,0.64068470398585,1,0.06572863520408163,False,0.06222018226981163,0.012452543659832954,False,0.1383972624666398,False,0.06574159860610962
cbis_test|widefield,cbis_01374,1,0.6182924707730612,1,0.06660554846938775,False,0.10609170794487,0.12704296545914068,False,0.0886502189400252,False,0.06738882511854172
cbis_test|widefield,cbis_01375,0,0.5974417726198832,0,0.06251992984693877,False,0.04990151897072792,0.001139211665527455,False,0.14340752205094173,False,0.062072042375802994
cbis_test|widefield,cbis_01376,0,0.6277167598406473,0,0.062201052295918366,False,0.002286226022988558,0.0,False,0.13114440527571553,False,0.06190171092748642
cbis_test|widefield,cbis_01377,0,0.6498041351636251,0,0.04237085459183673,False,0.10240419209003448,0.13867589302412567,False,0.0708769213550896,False,0.04255887493491173
cbis_test|widefield,cbis_01378,0,0.6515752275784811,0,0.06742267219387756,False,0.01816236786544323,0.0,False,0.0913224499168924,False,0.06708056479692459
cbis_test|widefield,cbis_01379,0,0.621761679649353,0,0.06423389668367346,True,0.2731933295726776,0.31016095586057074,False,0.1154963289186086,False,0.06421902775764465
cbis_test|widefield,cbis_01380,0,0.5771836439768473,0,0.06465242346938775,True,0.3520165681838989,0.29934499951119364,False,0.12737385921936928,False,0.06532499194145203
cbis_test|widefield,cbis_01381,1,0.6704173684120178,1,0.06293845663265306,False,0.19493722915649414,0.2527503793626707,False,0.07129169544382678,False,0.06272351741790771
cbis_test|widefield,cbis_01382,1,0.6879914204279581,1,0.06610730229591837,False,0.16315697133541107,0.18693333333333334,False,0.09467437271109765,False,0.06574569642543793
cbis_test|widefield,cbis_01383,1,0.6664655009905497,1,0.05488679846938776,False,0.2084684520959854,0.2418681425381105,False,0.07815287240371992,False,0.05424860119819641
cbis_test|widefield,cbis_01384,1,0.6591672698656718,1,0.05699936224489796,True,0.19386978447437286,0.23976158431070949,False,0.08621312755206566,False,0.05708416551351547
cbis_test|widefield,cbis_01385,0,0.6323962807655334,0,0.06907684948979592,False,0.10075348615646362,0.13333333333333333,False,0.09621588170125274,False,0.0690699890255928
cbis_test|widefield,cbis_01386,0,0.6152852177619934,0,0.02991470025510204,False,0.010276058688759804,0.0,False,0.0314337457016018,False,0.030582502484321594
cbis_test|widefield,cbis_01387,0,0.6973322431246439,0,0.04693478954081633,False,0.0214395709335804,0.0,False,0.0814163871947053,False,0.04645545035600662
cbis_test|widefield,cbis_01388,0,0.5594434142112732,0,0.04723373724489796,False,0.0,0.0,False,0.1183234384243549,False,0.04748718813061714
cbis_test|widefield,cbis_01389,0,0.6462456981341044,0,0.029496173469387755,False,0.027813605964183807,0.0033981005489239348,False,0.07165772448731782,False,0.029655950143933296
cbis_test|widefield,cbis_01390,0,0.5672086874643961,0,0.05628188775510204,False,0.001997817074880004,0.0,False,0.0686979566345799,False,0.055963777005672455
cbis_test|widefield,cbis_01391,0,0.6752458413441976,0,0.04725366709183673,False,0.07098706811666489,0.1071747278243798,False,0.0594424156053256,False,0.047480300068855286
cbis_test|widefield,cbis_01392,1,0.6248612403869629,1,0.07089046556122448,False,0.07253570109605789,0.03204008807228001,False,0.13999460877711092,False,0.07130668312311172
cbis_test|widefield,cbis_01393,1,0.5997751355171204,1,0.06479193239795919,False,0.14077246189117432,0.13880826361618576,False,0.11930434318173654,False,0.06557921320199966
cbis_test|widefield,cbis_01394,0,0.6929612755775452,0,0.06576849489795919,True,0.2293812334537506,0.32858707557502737,False,0.09025719020927299,False,0.06601882725954056
cbis_test|widefield,cbis_01395,0,0.7244032820065817,0,0.06459263392857142,True,0.17951704561710358,0.32293742526903146,False,0.08872282869628408,False,0.06438763439655304
cbis_test|widefield,cbis_01396,0,0.6567955215771993,0,0.04595822704081633,True,0.15355387330055237,0.16810140951660202,False,0.0890797463418467,False,0.04602101445198059
cbis_test|widefield,cbis_01397,0,0.6221032738685608,0,0.06614716198979592,False,0.09604502469301224,0.10226147243314625,False,0.08894742784990192,False,0.06594748795032501
cbis_test|widefield,cbis_01398,0,0.6146672566731771,0,0.06405452806122448,False,0.12274298816919327,0.12167879505838551,False,0.0695012920974248,False,0.06427589058876038
cbis_test|widefield,cbis_01399,1,0.6413886149724325,1,0.06523038903061225,False,0.11200163513422012,0.08370653855549222,False,0.09913926095780426,False,0.06460009515285492
cbis_test|widefield,cbis_01400,1,0.6671548287073771,1,0.07130899234693877,False,0.11145409196615219,0.12652047993380222,False,0.13676508243100105,False,0.07083819061517715
cbis_test|widefield,cbis_01401,0,0.6905685265858968,0,0.06317761479591837,False,0.06072862818837166,0.0,False,0.07687892404853948,False,0.06231682375073433
cbis_test|widefield,cbis_01402,0,0.6640235582987467,0,0.06921635841836735,True,0.18918593227863312,0.2589934762348555,False,0.07816060381865908,False,0.06992882490158081
cbis_test|widefield,cbis_01403,0,0.7032129565874735,0,0.060447225765306124,False,0.07631660997867584,0.02069665729459544,False,0.10714172690545075,False,0.06028684228658676
cbis_test|widefield,cbis_01404,0,0.657831052939097,0,0.04821029974489796,True,0.20101585984230042,0.24103228377839778,False,0.08910915938853124,False,0.04783480241894722
cbis_test|widefield,cbis_01405,0,0.61777663230896,0,0.06425382653061225,False,0.023726534098386765,0.0,False,0.11370553391143239,False,0.06404935568571091
cbis_test|widefield,cbis_01406,0,0.5790538986523946,0,0.06752232142857142,False,0.06553811579942703,0.04126590133416072,False,0.10575049159548028,False,0.06731027364730835
cbis_test|widefield,cbis_01407,0,0.6417019764582316,0,0.06441326530612244,False,0.07166174799203873,0.06127019676851704,True,0.21921395228960644,False,0.06513963639736176
cbis_test|widefield,cbis_01408,0,0.7135055859883627,0,0.07144850127551021,False,0.1581091582775116,0.1959785758187725,False,0.1237614377337452,False,0.07216215878725052
cbis_test|widefield,cbis_01409,0,0.669118066628774,0,0.04488201530612245,False,0.0654175654053688,0.0009775171065493646,False,0.03591874668262369,False,0.0455731637775898
cbis_test|widefield,cbis_01410,0,0.713623046875,0,0.06248007015306122,False,0.08398643881082535,0.04831263928685132,False,0.12275050803949082,False,0.06237517669796944
cbis_test|widefield,cbis_01411,0,0.6775051554044088,0,0.06931600765306123,False,0.09482867270708084,0.06139111320458471,False,0.133959455854272,False,0.06941453367471695
cbis_test|widefield,cbis_01412,0,0.6714067459106445,0,0.057338169642857144,False,0.07784146815538406,0.0948787519077497,False,0.07925155597654358,False,0.057118162512779236
cbis_test|widefield,cbis_01413,0,0.6313575903574625,0,0.06670519770408163,True,0.10209574550390244,0.08014527845036319,False,0.07814665459480695,False,0.06614210456609726
cbis_test|widefield,cbis_01414,0,0.629284679889679,0,0.054607780612244895,False,0.01231554988771677,0.0,False,0.07389183477943094,False,0.05432535707950592
cbis_test|widefield,cbis_01415,0,0.6110779047012329,0,0.05131935586734694,False,0.13562847673892975,0.1759604625139873,True,0.16429597048985736,False,0.051504895091056824
cbis_test|widefield,cbis_01416,0,0.6686575611432394,0,0.05351163903061224,False,0.13200442492961884,0.18093204604530264,False,0.10114665509526319,False,0.053847696632146835
cbis_test|widefield,cbis_01417,0,0.6730999946594238,0,0.06501116071428571,False,0.0952087789773941,0.0815778771858479,False,0.13016107069032803,False,0.06423521786928177
cbis_test|widefield,cbis_01418,0,0.5818570852279663,0,0.06305803571428571,False,0.01990334503352642,0.0,False,0.11633962874814682,False,0.06346648186445236
cbis_test|widefield,cbis_01419,0,0.6101869146029154,0,0.05865353954081633,False,0.005000788252800703,0.0,False,0.08699042284896193,False,0.05899624153971672
cbis_test|widefield,cbis_01420,0,0.6963762442270914,0,0.057537468112244895,False,0.08206763863563538,0.06397167791865635,False,0.07869170694493301,False,0.05799254775047302
cbis_test|widefield,cbis_01421,0,0.651831309000651,0,0.058514030612244895,True,0.24300825595855713,0.2925176845671017,False,0.10733166951892334,False,0.0585404708981514
cbis_test|widefield,cbis_01422,0,0.6182836492856344,0,0.07140864158163265,False,0.05880196392536163,0.04584549224389495,False,0.1391370079433205,False,0.07132399082183838
cbis_test|widefield,cbis_01423,0,0.6178237398465475,0,0.06449298469387756,False,0.03929705172777176,0.008587278668591838,False,0.07383091625628041,False,0.06432566791772842
cbis_test|widefield,cbis_01424,0,0.6389378905296326,0,0.06869818239795919,False,0.0008631246164441109,0.0,False,0.08087421808741824,False,0.06806620210409164
cbis_test|widefield,cbis_01425,0,0.6533495783805847,0,0.06917649872448979,False,0.14992132782936096,0.2851978691019787,False,0.10138294698285999,False,0.06903814524412155
cbis_test|widefield,cbis_01426,1,0.7287230491638184,1,0.06236049107142857,False,0.13763540983200073,0.3111243900009959,False,0.1290687320003332,False,0.061729203909635544
cbis_test|widefield,cbis_01427,1,0.7232576608657837,1,0.07148836096938775,False,0.12086734920740128,0.14836044845317373,False,0.11779088551933187,False,0.0711558610200882
cbis_test|widefield,cbis_01428,0,0.6838125785191854,0,0.05233577806122449,False,0.03813282027840614,0.0,False,0.07882636495784345,False,0.05172652006149292
cbis_test|widefield,cbis_01429,0,0.7085384130477905,0,0.054807079081632654,False,0.03792538121342659,0.0014097744360902255,False,0.08841982637380616,False,0.05444042384624481
cbis_test|widefield,cbis_01430,0,0.6345653136571249,0,0.05193718112244898,False,0.002602767664939165,0.0,False,0.09988578055493202,False,0.051942408084869385
cbis_test|widefield,cbis_01431,0,0.6108248035113016,0,0.06823979591836735,False,0.0006230158032849431,0.0,False,0.14021071622336054,False,0.06877877563238144
cbis_test|widefield,cbis_01432,0,0.6628059347470602,0,0.06640625,False,0.04130549728870392,0.0,False,0.12783534541805325,False,0.06648505479097366
cbis_test|widefield,cbis_01433,0,0.7127796014149984,0,0.07451769770408163,True,0.24565942585468292,0.37255878836189715,False,0.11458279879070535,False,0.07400375604629517
cbis_test|widefield,cbis_01434,0,0.7140041987101237,0,0.07055165816326531,True,0.21667388081550598,0.29369163331427484,False,0.08335300292941455,False,0.07049878686666489
cbis_test|widefield,cbis_01435,1,0.5449791550636292,1,0.06676498724489796,False,0.030624929815530777,0.0032978563933443263,False,0.08770509696647201,False,0.06687775999307632
cbis_test|widefield,cbis_01436,1,0.5998291174570719,1,0.06210140306122449,False,0.14396728575229645,0.2030735455543359,False,0.07584864596819704,False,0.06263311207294464
cbis_test|widefield,cbis_01437,1,0.6640307903289795,1,0.05428890306122449,True,0.2132025808095932,0.26700426968523483,False,0.12605501902078264,False,0.05380770191550255
cbis_test|widefield,cbis_01438,0,0.634320875008901,0,0.0664859693877551,False,0.0032860608771443367,0.0,False,0.12651375557621233,False,0.06655514985322952
cbis_test|widefield,cbis_01439,0,0.6000333229700724,0,0.06592793367346939,False,0.14407505095005035,0.12817044301657085,False,0.10536093680841385,False,0.06599681824445724
cbis_test|widefield,cbis_01440,1,0.553325335184733,1,0.05466757015306122,True,0.2933047413825989,0.1724770642201835,False,0.11107247680514916,False,0.05501341074705124
cbis_test|widefield,cbis_01441,1,0.6959050297737122,1,0.0748764349489796,False,0.08497852087020874,0.059940059940059943,False,0.16354368918898532,False,0.07480724900960922
cbis_test|widefield,cbis_01442,1,0.7167958815892538,1,0.06885762117346939,False,0.028138013556599617,0.0,False,0.09556164224184813,False,0.0688474178314209
cbis_test|widefield,cbis_01443,1,0.5924983223279318,1,0.06267936862244898,False,0.02693190611898899,0.015485362095531587,False,0.14117641207281803,False,0.06255874782800674
cbis_test|widefield,cbis_01444,1,0.6059309840202332,1,0.06750239158163265,False,0.07364671677350998,0.0029888664723903458,False,0.10253232918565097,False,0.06722114235162735
cbis_test|widefield,cbis_01445,0,0.6889708042144775,0,0.07085060586734694,True,0.12715846300125122,0.22221223021582734,False,0.0995988378135089,True,0.07198001444339752
cbis_test|widefield,cbis_01446,0,0.6701273520787557,0,0.06236049107142857,False,0.0722336694598198,0.005192028708864625,False,0.13105092406092392,False,0.061591386795043945
cbis_test|widefield,cbis_01447,1,0.6969655553499857,1,0.043447066326530615,True,0.13491585850715637,0.2043774031351671,False,0.08162493478606951,False,0.04310179129242897
cbis_test|widefield,cbis_01448,1,0.6748717029889425,1,0.04510124362244898,False,0.08131801337003708,0.1180909090909091,False,0.0516324426407369,False,0.04453055560588837
cbis_test|widefield,cbis_01449,1,0.6251577933629354,1,0.06493144132653061,True,0.29050135612487793,0.2973553235093198,False,0.1468008780466914,False,0.06439479440450668
cbis_test|widefield,cbis_01450,1,0.5875416199366251,1,0.06562898596938775,False,0.015672026202082634,0.01684836471754212,False,0.14766585092478332,False,0.06535369902849197
cbis_test|widefield,cbis_01451,0,0.6760472853978475,0,0.06523038903061225,False,0.012170412577688694,0.0,False,0.0772431834656688,False,0.06585710495710373
cbis_test|widefield,cbis_01452,0,0.5870750149091085,0,0.06435347576530612,False,0.05590377002954483,0.03117226368159204,False,0.1258747714342814,False,0.0646548718214035
cbis_test|widefield,cbis_01453,1,0.5749438405036926,1,0.06859853316326531,False,0.009201828390359879,0.0,False,0.12349441162942741,False,0.06829869747161865
cbis_test|widefield,cbis_01454,1,0.6822310288747152,1,0.06837930484693877,False,0.18265846371650696,0.24798443147067,False,0.09721925994261936,False,0.06769975274801254
cbis_test|widefield,cbis_01455,1,0.7115068038304647,1,0.06995376275510204,False,0.1531130075454712,0.3458519622454049,True,0.22408883336995536,False,0.07065276056528091
cbis_test|widefield,cbis_01456,0,0.6142008304595947,0,0.06116470025510204,False,0.01809719018638134,0.017389954196102786,False,0.09522991655950483,False,0.060470882803201675
cbis_test|widefield,cbis_01457,0,0.6442830562591553,0,0.06819993622448979,False,0.04110643267631531,0.0,False,0.14774786762441475,False,0.06830084323883057
cbis_test|widefield,cbis_01458,0,0.6538269519805908,0,0.049147002551020405,False,0.09350191056728363,0.13242753623188405,False,0.11681548434774136,False,0.04865971952676773
cbis_test|widefield,cbis_01459,0,0.5664230187733968,0,0.06050701530612245,True,0.2673044502735138,0.2920826331916576,False,0.042869869923266135,False,0.060335345566272736
cbis_test|widefield,cbis_01460,0,0.6620500286420187,0,0.06208147321428571,False,0.011635900475084782,0.0,False,0.07642876652950815,False,0.06174469739198685
cbis_test|widefield,cbis_01461,0,0.699661910533905,0,0.07627152423469388,False,0.05604095384478569,0.014266900790166813,False,0.07161863497957069,False,0.0759391188621521
cbis_test|widefield,cbis_01462,0,0.5991239349047343,0,0.06818000637755102,False,0.0507955327630043,0.029452264381884946,False,0.09419607446169667,False,0.06824011355638504
cbis_test|widefield,cbis_01463,0,0.724725584189097,0,0.06726323341836735,True,0.15181463956832886,0.3362893583100837,False,0.10851692202727527,False,0.06750727444887161
cbis_test|widefield,cbis_01464,0,0.6105683247248331,0,0.0537109375,True,0.1939014196395874,0.21155310239817282,False,0.06161348164093579,False,0.05376604199409485
cbis_test|widefield,cbis_01465,1,0.6592264771461487,1,0.07007334183673469,True,0.20297403633594513,0.27800829875518673,False,0.0589817697980303,False,0.07029799371957779
cbis_test|widefield,cbis_01466,1,0.6890754302342733,1,0.03970025510204082,False,0.0744653195142746,0.14946483180428136,False,0.013054769779415437,False,0.03957651928067207
cbis_test|widefield,cbis_01467,0,0.7197247942288717,0,0.05855389030612245,False,0.14057616889476776,0.2417687595712098,False,0.11446292464402048,False,0.05834296718239784
cbis_test|widefield,cbis_01468,1,0.6003208955128988,1,0.04954559948979592,False,0.02399119734764099,0.0,False,0.05683967131840934,False,0.04939580336213112
cbis_test|widefield,cbis_01469,1,0.6908254027366638,1,0.04701450892857143,False,0.0580105260014534,0.007477850930667317,False,0.08390464695117858,False,0.047561611980199814
cbis_test|widefield,cbis_01470,0,0.7078722516695658,0,0.06455277423469388,False,0.03804289922118187,0.0,True,0.18775354416290385,False,0.06457310914993286
cbis_test|widefield,cbis_01471,1,0.6314600507418314,1,0.048150510204081634,True,0.14324377477169037,0.17704887040362982,False,0.0779986352843652,False,0.04795347526669502
cbis_test|widefield,cbis_01472,0,0.6403277317682902,0,0.06088568239795918,False,0.04212716221809387,0.010966097768167427,False,0.13558444267072262,False,0.06042781099677086
cbis_test|widefield,cbis_01473,0,0.6931297779083252,0,0.06509088010204081,True,0.11644023656845093,0.16920101960094927,False,0.11688425530404563,False,0.06504911184310913
cbis_test|widefield,cbis_01474,0,0.6289568543434143,0,0.06812021683673469,True,0.23662137985229492,0.2546861885666325,False,0.1334131830199594,False,0.06780146062374115
cbis_test|widefield,cbis_01475,0,0.6120836138725281,0,0.06640625,False,0.19491416215896606,0.2286764705882353,False,0.07139179129279516,False,0.06633687764406204
cbis_test|widefield,cbis_01476,1,0.7263630628585815,1,0.061423788265306124,True,0.19019202888011932,0.29611698448769885,False,0.09269500575957122,False,0.061099354177713394
cbis_test|widefield,cbis_01477,1,0.688559333483378,1,0.0576171875,True,0.25229963660240173,0.2880629732961339,False,0.12601453835055412,False,0.057427581399679184
cbis_test|widefield,cbis_01478,0,0.6546730001767477,0,0.03635204081632653,False,0.030721571296453476,0.0,False,0.08000130364276987,False,0.03600604832172394
cbis_test|widefield,cbis_01479,0,0.5549344023068746,0,0.08025749362244898,False,0.0,0.08025749362244898,False,0.18056390784859436,False,0.08066591620445251
cbis_test|widefield,cbis_01480,0,0.5993145902951559,0,0.07318239795918367,False,0.0010402303887531161,0.0,False,0.15827364658052928,False,0.07262621074914932
cbis_test|widefield,cbis_01481,0,0.6507794062296549,0,0.06425382653061225,False,0.07280690222978592,0.03553299492385787,False,0.14176686426249224,False,0.06399614363908768
cbis_test|widefield,cbis_01482,0,0.5960243741671244,0,0.07242506377551021,False,0.004482947289943695,0.0,False,0.15965055657747473,False,0.07219713181257248
cbis_test|widefield,cbis_01483,0,0.6399722894032797,0,0.06190210459183673,False,0.08327025920152664,0.09089399850585209,False,0.08744389059094891,False,0.06238039582967758
cbis_test|widefield,cbis_01484,0,0.5849793354670206,0,0.07782605229591837,False,0.054280836135149,0.03098654045259577,False,0.14905696289119472,False,0.07784734666347504
cbis_test|widefield,cbis_01485,1,0.6954771677652994,1,0.04532047193877551,False,0.042652346193790436,0.008768335655166761,False,0.009434671667132367,False,0.04520410671830177
cbis_test|widefield,cbis_01486,1,0.5788197716077169,1,0.07798549107142858,False,0.08608261495828629,0.07374336078823801,False,0.17282720672006996,False,0.07706057280302048
cbis_test|widefield,cbis_01487,1,0.6731478373209635,1,0.05650111607142857,False,0.1888902485370636,0.2824830609804703,False,0.06681086032722718,False,0.056487370282411575
cbis_test|widefield,cbis_01488,1,0.6949605147043864,1,0.06865832270408163,False,0.1239432767033577,0.21702627065089825,False,0.12421909645028237,False,0.06875963509082794
cbis_test|widefield,cbis_01489,0,0.656911313533783,0,0.056142378826530615,False,0.11416199803352356,0.17154315923799107,False,0.1144478753757236,False,0.055844273418188095
cbis_test|widefield,cbis_01490,0,0.7170307437578837,0,0.051658163265306124,True,0.14540810883045197,0.25402184707050646,False,0.0833368235278453,False,0.05084735527634621
cbis_test|widefield,cbis_01491,1,0.6603890458742777,1,0.05572385204081633,True,0.19761162996292114,0.2747864096960064,False,0.08715458025733311,False,0.05660611018538475
cbis_test|widefield,cbis_01492,1,0.6325250665346781,1,0.06345663265306123,True,0.14893339574337006,0.19681332609089264,False,0.08087039748374358,False,0.06363027542829514
cbis_test|widefield,cbis_01493,0,0.7102383176485697,0,0.05470742984693878,False,0.09069649875164032,0.09201982228298018,False,0.06409681829264725,False,0.054167650640010834
cbis_test|widefield,cbis_01494,1,0.6380786299705505,1,0.056321747448979595,True,0.09480983763933182,0.12498906673663955,False,0.10967717331596959,False,0.05670512467622757
cbis_test|widefield,cbis_01495,1,0.6030013163884481,1,0.05911192602040816,False,0.03073098137974739,0.0,False,0.028383401761361556,False,0.05962243676185608
cbis_test|widefield,cbis_01496,1,0.6606854796409607,1,0.07035235969387756,False,0.09700397402048111,0.024158236448739243,False,0.10408104435027289,False,0.07070133090019226
cbis_test|widefield,cbis_01497,0,0.7001919349034628,0,0.07794563137755102,False,0.1718374341726303,0.32349591952932244,False,0.17990520446211358,False,0.0775880292057991
cbis_test|widefield,cbis_01498,0,0.7175644437472025,0,0.07037228954081633,False,0.10237696021795273,0.06986830691585837,False,0.15339905982127053,True,0.07097838073968887
cbis_test|widefield,cbis_01499,0,0.5466429988543192,0,0.061244419642857144,False,0.005941156297922134,0.025422403003754694,False,0.08055411483004486,False,0.06044093146920204
cbis_test|widefield,cbis_01500,0,0.6799411376317342,0,0.07378029336734694,False,0.15513314306735992,0.1906742936384122,False,0.11096598687546481,False,0.073549285531044
cbis_test|widefield,cbis_01501,1,0.7030674616495768,1,0.06895727040816327,True,0.30540332198143005,0.3447588680749302,False,0.11739896419113074,False,0.06914766877889633
cbis_test|widefield,cbis_01502,1,0.7076593041419983,1,0.05701929209183673,True,0.1900840550661087,0.2831559048850861,False,0.0947093471393438,False,0.056980494409799576
cbis_test|widefield,cbis_01503,0,0.6593718330065409,0,0.07065130739795919,False,0.23730158805847168,0.31918406993686255,False,0.10800312761404555,False,0.07026844471693039
cbis_test|widefield,cbis_01504,0,0.6407653490702311,0,0.06040736607142857,False,0.11400429904460907,0.058656728510086686,False,0.12072938557652033,False,0.060166262090206146
cbis_test|widefield,cbis_01505,0,0.6643080910046896,0,0.05337213010204082,False,0.03387286886572838,0.019321734947486572,False,0.09255798208499572,False,0.053676582872867584
cbis_test|widefield,cbis_01506,0,0.6796678105990092,0,0.047751913265306124,False,0.13923358917236328,0.17549167927382753,False,0.05592220489518057,False,0.04812148958444595
cbis_test|widefield,cbis_01507,0,0.6869402527809143,0,0.06853874362244898,False,0.23620487749576569,0.2857824427480916,False,0.07956746172277755,False,0.06794094294309616
cbis_test|widefield,cbis_01508,0,0.6678386330604553,0,0.05727838010204082,False,0.0862860307097435,0.07003729796933278,False,0.05745949112536299,False,0.05675972253084183
cbis_test|widefield,cbis_01509,0,0.5775220592816671,0,0.07553411989795919,False,0.16634917259216309,0.10431309904153355,False,0.0902821985242623,False,0.0755898505449295
cbis_test|widefield,cbis_01510,0,0.6386750936508179,0,0.06479193239795919,False,0.07382644712924957,0.009649722665450954,False,0.08874014513071346,False,0.06471644341945648
cbis_test|widefield,cbis_01511,0,0.6257447203000387,0,0.06847895408163265,False,0.006027325056493282,0.0,False,0.11553484441196901,False,0.06868759542703629
cbis_test|widefield,cbis_01512,0,0.6548461516698202,0,0.05333227040816327,False,0.008644241839647293,0.0,False,0.10742090270971513,False,0.05372772738337517
cbis_test|widefield,cbis_01513,1,0.7091497381528219,1,0.0772281568877551,False,0.2133735716342926,0.3404316824050877,False,0.12263940094828588,False,0.07743574678897858
cbis_test|widefield,cbis_01514,1,0.7126542925834656,1,0.06114477040816327,True,0.22175826132297516,0.3033618460314303,False,0.13554381147179465,False,0.061325617134571075
cbis_test|widefield,cbis_01515,1,0.653331458568573,1,0.08468191964285714,False,0.009648975916206837,0.0,False,0.15931827432350595,False,0.08529549837112427
cbis_test|widefield,cbis_01516,1,0.5709605614344279,1,0.07009327168367346,False,0.027834584936499596,0.014446107784431138,False,0.11989178218304547,False,0.07031960040330887
cbis_test|widefield,cbis_01517,0,0.7103285590807596,0,0.06644610969387756,True,0.21638302505016327,0.3322040653646871,False,0.12812830069006456,False,0.06617649644613266
cbis_test|widefield,cbis_01518,1,0.5814584294954935,1,0.06277901785714286,False,0.030102508142590523,0.020114497911186757,False,0.09421200482466513,False,0.06274917721748352
cbis_test|widefield,cbis_01519,1,0.7031380732854208,1,0.07236527423469388,True,0.2770688533782959,0.3617975288959745,False,0.1401219854791999,False,0.07302769273519516
cbis_test|widefield,cbis_01520,1,0.635801374912262,1,0.06756218112244898,False,0.047770772129297256,0.042877116669255866,False,0.14079063559690191,False,0.06646066159009933
cbis_test|widefield,cbis_01521,1,0.6707441210746765,1,0.06343670280612244,False,0.025154413655400276,0.0,False,0.11186687495862063,False,0.06346993893384933
cbis_test|widefield,cbis_01522,0,0.6521783272425333,0,0.0613639987244898,False,0.13916419446468353,0.185590309166516,False,0.10867017867686384,False,0.06103738769888878
cbis_test|widefield,cbis_01523,0,0.6780296365420023,0,0.06780133928571429,True,0.2635209262371063,0.3387434033655282,False,0.1379494299555474,False,0.0676853284239769
cbis_test|widefield,cbis_01524,1,0.7165675560633341,1,0.04978475765306122,True,0.14063699543476105,0.2489039457951375,False,0.11575062519679853,False,0.04996660351753235
cbis_test|widefield,cbis_01525,0,0.6606761415799459,0,0.05622209821428571,True,0.20604731142520905,0.2810880829015544,False,0.12393217331320619,False,0.05512699857354164
cbis_test|widefield,cbis_01526,1,0.679317831993103,1,0.0635562818877551,False,0.10229285806417465,0.11293444416393167,False,0.09051801426365318,False,0.06358147412538528
cbis_test|widefield,cbis_01527,0,0.6786199609438578,0,0.06411431760204081,True,0.24628348648548126,0.3185752661426724,False,0.14200547881795297,False,0.06379672884941101
cbis_test|widefield,cbis_01528,0,0.6233236392339071,0,0.05024314413265306,False,0.14021997153759003,0.1892224642485084,False,0.09274317353912453,False,0.050554923713207245
cbis_test|widefield,cbis_01529,0,0.596345861752828,0,0.055763711734693876,False,0.0031690557952970266,0.0,False,0.08587619649497394,False,0.05553517863154411
cbis_test|widefield,cbis_01530,0,0.5782681703567505,0,0.06190210459183673,False,0.008192090317606926,0.0017517136329017516,False,0.10854465799881256,False,0.06174909695982933
cbis_test|widefield,cbis_01531,1,0.7019872864087423,1,0.06513073979591837,False,0.12170665711164474,0.11986531986531987,False,0.12470835253516582,False,0.06515724211931229
cbis_test|widefield,cbis_01532,1,0.722021202246348,1,0.07742745535714286,False,0.09596268832683563,0.0,False,0.15824420049412832,False,0.07726474106311798
cbis_test|widefield,cbis_01533,1,0.6113559206326803,1,0.05767697704081633,False,0.009375050663948059,0.0,False,0.09781562485340602,False,0.05767729878425598
cbis_test|widefield,cbis_01534,1,0.6497541864713033,1,0.07013313137755102,False,0.12006137520074844,0.13156356958009852,True,0.24102488591034446,False,0.06952602416276932
cbis_test|widefield,cbis_01535,1,0.6657266219456991,1,0.05337213010204082,False,0.0693068727850914,0.07173564865548343,False,0.10196352978145232,False,0.05359257757663727
cbis_test|widefield,cbis_01536,1,0.645200510819753,1,0.05351163903061224,False,0.007996577769517899,0.0,False,0.10873167492365209,False,0.05332108587026596
cbis_test|widefield,cbis_01537,1,0.6527067422866821,1,0.08021763392857142,False,0.14374874532222748,0.17184765397116428,False,0.14631153403168431,False,0.08046355843544006
cbis_test|widefield,cbis_01538,1,0.6778216560681661,1,0.06676498724489796,True,0.1634419709444046,0.29220967274833476,False,0.10046979005028654,False,0.06663746386766434
cbis_test|widefield,cbis_01539,1,0.6066644390424093,1,0.04635682397959184,False,0.015215723775327206,0.005120702267739576,False,0.10230707283602318,False,0.046320799738168716
cbis_test|widefield,cbis_01540,0,0.5861226518948873,0,0.058673469387755105,False,0.0015416834503412247,0.0,False,0.014991477366639597,False,0.05867283418774605
cbis_test|widefield,cbis_01541,0,0.6023891170819601,0,0.05737802933673469,False,0.003030674997717142,0.0,False,0.13772790023325018,False,0.05695835128426552
cbis_test|widefield,cbis_01542,0,0.5497541824976603,0,0.059251434948979595,False,0.0049117691814899445,0.0,False,0.11957955978297807,False,0.059076596051454544
cbis_test|widefield,cbis_01543,0,0.5301974614461263,0,0.06612723214285714,False,0.0,0.0,False,0.08080399137027924,False,0.06656721234321594
cbis_test|widefield,cbis_01544,0,0.6069926420847574,0,0.06525031887755102,False,0.0006674554315395653,0.0,False,0.08766664419770026,False,0.0656646192073822
cbis_test|widefield,cbis_01545,0,0.6094354589780172,0,0.06658561862244898,False,0.006480615120381117,0.0,False,0.12109330342783049,False,0.06647736579179764
cbis_test|widefield,cbis_01546,0,0.5750053524971008,0,0.06923628826530612,False,0.0021891705691814423,0.0,True,0.20382652745421623,False,0.0693698450922966
cbis_test|widefield,cbis_01547,0,0.6159561475118002,0,0.05213647959183673,False,0.0018759466474875808,0.0,False,0.027571266262025884,False,0.051622290164232254
cbis_test|widefield,cbis_01548,0,0.6045076251029968,0,0.07001355229591837,False,0.00834958627820015,0.0,False,0.1237917196911898,False,0.06934542208909988
cbis_test|widefield,cbis_01549,0,0.5225597222646078,0,0.06371572066326531,False,0.0,0.06371572066326531,False,0.06469866752385448,False,0.06278805434703827
cbis_test|widefield,cbis_01550,0,0.6705441872278849,0,0.07489636479591837,False,0.07694289833307266,0.0,False,0.09874354108820091,False,0.07547986507415771
cbis_test|widefield,cbis_01551,0,0.6957685748736063,0,0.06293845663265306,False,0.07808630168437958,0.03368849890316515,False,0.1626875953458568,False,0.06342914700508118
cbis_test|widefield,cbis_01552,1,0.7163423299789429,1,0.0748764349489796,True,0.21302084624767303,0.3743523316062176,False,0.10635034474493336,False,0.07592348009347916
cbis_test|widefield,cbis_01553,1,0.580479641755422,1,0.05568399234693878,True,0.1381179243326187,0.14044444444444446,False,0.11057573169673814,False,0.055168915539979935
cbis_test|widefield,cbis_01554,1,0.7219081123669943,1,0.06893734056122448,True,0.24327008426189423,0.34465922678357913,False,0.08484537541609373,False,0.06795115768909454
cbis_test|widefield,cbis_01555,1,0.7246641516685486,1,0.0731624681122449,True,0.19540591537952423,0.36496713802031466,False,0.15247305275329096,False,0.07266983389854431
cbis_test|widefield,cbis_01556,1,0.6787140766779581,1,0.06893734056122448,True,0.2773548364639282,0.34465922678357913,False,0.12878039762779322,False,0.06841728836297989
cbis_test|widefield,cbis_01557,1,0.634606679280599,1,0.06961495535714286,True,0.18611708283424377,0.23248610731529562,False,0.10185379957182222,False,0.06912399083375931
cbis_test|widefield,cbis_01558,0,0.6353194316228231,0,0.0635562818877551,False,0.15098746120929718,0.23333022475053622,False,0.10369781865378325,False,0.06347740441560745
cbis_test|widefield,cbis_01559,1,0.6221518317858378,1,0.045619419642857144,False,0.021121235564351082,0.0012185215272136475,False,0.10154032216913739,False,0.04550518840551376
cbis_test|widefield,cbis_01560,0,0.5763359069824219,0,0.05412946428571429,False,0.039859842509031296,0.04190491749714099,False,0.07072859526318032,False,0.054162509739398956
cbis_test|widefield,cbis_01561,0,0.6991968552271525,0,0.06802056760204081,True,0.1590491086244583,0.3374092852172184,False,0.13712126552044193,False,0.06691218912601471
cbis_test|widefield,cbis_01562,0,0.5654472907384237,0,0.05249521683673469,False,0.022863265126943588,0.024335031126202604,False,0.08882173978972137,False,0.05175815150141716
cbis_test|widefield,cbis_01563,0,0.6614969968795776,0,0.06467235331632654,False,0.0068108877167105675,0.0,False,0.07815933768969903,False,0.06476380676031113
cbis_test|widefield,cbis_01564,0,0.7074007987976074,0,0.055943080357142856,True,0.11380824446678162,0.24003089697788935,False,0.08311011640010457,False,0.055180639028549194
cbis_test|widefield,cbis_01565,1,0.6666714151700338,1,0.06319754464285714,False,0.24128060042858124,0.28472762645914396,False,0.03348231026003945,False,0.06326374411582947
cbis_test|widefield,cbis_01566,1,0.69861900806427,1,0.06586814413265306,False,0.20965829491615295,0.32931446791550417,False,0.13417962277957016,False,0.0660887286067009
cbis_test|widefield,cbis_01567,1,0.634926458199819,1,0.05422911352040816,True,0.23698045313358307,0.26069769740092896,False,0.07857440982204784,False,0.054111551493406296
cbis_test|widefield,cbis_01568,1,0.5584664344787598,1,0.06271922831632654,False,0.10323385149240494,0.09876646107684614,False,0.14555781613913588,False,0.06314527243375778
cbis_test|widefield,cbis_01569,1,0.6083643833796183,1,0.05737802933673469,False,0.012341258116066456,0.0,False,0.08230580885650282,False,0.057031307369470596
cbis_test|widefield,cbis_01570,1,0.6815088788668314,1,0.05893255739795918,True,0.15584617853164673,0.22691218130311613,False,0.11025238403718077,False,0.05840123072266579
cbis_test|widefield,cbis_01571,0,0.6680892109870911,0,0.0745376275510204,False,0.05597604811191559,0.009003074220465524,False,0.09313258709790147,False,0.07439323514699936
cbis_test|widefield,cbis_01572,0,0.6247569719950358,0,0.06030771683673469,False,0.017792925238609314,0.0,False,0.13512537371359035,False,0.05996153503656387
cbis_test|widefield,cbis_01573,0,0.6496443947156271,0,0.04751275510204082,False,0.14465367794036865,0.17792109256449165,False,0.09616681509861831,False,0.04797529801726341
cbis_test|widefield,cbis_01574,0,0.6452954411506653,0,0.05564413265306122,False,0.05136410892009735,0.0,False,0.10258074584228076,False,0.0554761178791523
cbis_test|widefield,cbis_01575,0,0.6199416716893514,0,0.06628667091836735,False,0.04560894891619682,0.007464374575887808,False,0.11510075526716208,False,0.06612502038478851
cbis_test|widefield,cbis_01576,0,0.6465785900751749,0,0.056560905612244895,False,0.10752896964550018,0.20136168625256481,False,0.07139446818072209,False,0.05627932399511337
cbis_test|widefield,cbis_01577,1,0.5930957198143005,1,0.03872369260204082,False,0.022210141643881798,0.0,False,0.06429414345578295,False,0.03853493928909302
cbis_test|widefield,cbis_01578,1,0.6378839612007141,1,0.04984454719387755,False,0.08163589239120483,0.0926442391493812,False,0.06850834584004378,False,0.05061011016368866
cbis_test|widefield,cbis_01579,1,0.7088346083958944,1,0.08127391581632654,True,0.1693992167711258,0.30552215336231614,False,0.19097867447786146,False,0.08187258988618851
cbis_test|widefield,cbis_01580,1,0.6761965354283651,1,0.06427375637755102,False,0.025800861418247223,0.0,False,0.10301173176139033,False,0.06403923034667969
cbis_test|widefield,cbis_01581,1,0.6597399115562439,1,0.06666533801020408,False,0.17697370052337646,0.27413825937916586,False,0.10929130270493187,False,0.06628105044364929
cbis_test|widefield,cbis_01582,1,0.6510331432024637,1,0.07352120535714286,False,0.17027685046195984,0.2494310423304506,False,0.10353101885577753,False,0.07335159927606583
cbis_test|widefield,cbis_01583,0,0.6534853180249532,0,0.07431839923469388,False,0.04841106757521629,0.0,False,0.11011224126591564,False,0.07389605790376663
cbis_test|widefield,cbis_01584,0,0.6258901158968607,0,0.07095025510204081,False,0.0946887955069542,0.09256583172768144,False,0.14591040446239723,False,0.07036731392145157
cbis_test|widefield,cbis_01585,0,0.5606337984402975,0,0.05474728954081633,False,0.14884991943836212,0.19938074685682117,False,0.06874480292165196,False,0.055125266313552856
cbis_test|widefield,cbis_01586,0,0.568503717581431,0,0.059650031887755105,False,0.009820813313126564,0.012275658456996349,False,0.06218551682623492,False,0.05981980636715889
cbis_test|widefield,cbis_01587,0,0.5681108037630717,0,0.06531010841836735,False,6.507565103675006e-06,0.0,False,0.0852298602290118,False,0.06564120948314667
cbis_test|widefield,cbis_01588,0,0.6014988025029501,0,0.06636639030612244,False,0.09333045035600662,0.0864900016257519,False,0.06979696060948512,False,0.0661919116973877
cbis_test|widefield,cbis_01589,1,0.584010660648346,1,0.06666533801020408,True,0.230619877576828,0.270075722165093,False,0.05463689194247879,False,0.06747914105653763
cbis_test|widefield,cbis_01590,1,0.578134298324585,1,0.07033242984693877,True,0.22724983096122742,0.1939970073056949,False,0.09986674999423094,False,0.07086645066738129
cbis_test|widefield,cbis_01591,0,0.6629719336827596,0,0.05628188775510204,True,0.1458720564842224,0.2596728376922323,False,0.09737638682477628,False,0.05688277259469032
cbis_test|widefield,cbis_01592,0,0.6799640456835429,0,0.05951052295918367,False,0.012328014709055424,0.0,False,0.13220585890575723,False,0.05955205112695694
cbis_test|widefield,cbis_01593,1,0.7035529216130575,1,0.060825892857142856,False,0.21355436742305756,0.3041052212036668,False,0.08053676167020424,False,0.06129522994160652
cbis_test|widefield,cbis_01594,1,0.6920544703801473,1,0.06696428571428571,True,0.2909877598285675,0.3283093703520079,False,0.08587011845635296,False,0.06690457463264465
cbis_test|widefield,cbis_01595,1,0.6982656915982565,1,0.05697943239795918,False,0.16138869524002075,0.254499464928495,False,0.06766147251509134,True,0.057625848799943924
cbis_test|widefield,cbis_01596,1,0.672205924987793,1,0.06586814413265306,False,0.0873749703168869,0.11073182915660644,False,0.14567439937916682,False,0.06488340348005295
cbis_test|widefield,cbis_01597,1,0.5845071276028951,1,0.060467155612244895,False,0.03533061966300011,0.0,False,0.13812823619280998,False,0.06029260903596878
cbis_test|widefield,cbis_01598,1,0.6671833594640096,1,0.0677016900510204,True,0.17691347002983093,0.2567049808429119,False,0.1480683958805741,False,0.06809109449386597
cbis_test|widefield,cbis_01599,0,0.639205276966095,0,0.07567362882653061,False,0.07115902006626129,0.011479964902018134,False,0.19998644519027786,False,0.0760071724653244
cbis_test|widefield,cbis_01600,0,0.6347175439198812,0,0.050123565051020405,False,0.024442965164780617,0.0006378059475404608,False,0.10616288808191314,False,0.04978308826684952
cbis_test|widefield,cbis_01601,0,0.6433090170224508,0,0.05642139668367347,False,0.14450418949127197,0.16033907475876996,False,0.09795218272787755,False,0.05625569447875023
cbis_test|widefield,cbis_01602,0,0.6155577500661215,0,0.056341677295918366,True,0.2541295886039734,0.28168593064966124,False,0.08552107017493163,False,0.05607123300433159
cbis_test|widefield,cbis_01603,0,0.5855156779289246,0,0.061204559948979595,False,0.1620587706565857,0.1417247386759582,False,0.07356240154539971,False,0.0610705241560936
cbis_test|widefield,cbis_01604,0,0.6661264300346375,0,0.03968032525510204,False,0.12791001796722412,0.18586077696706763,False,0.07095711665805712,False,0.03949994966387749
cbis_test|widefield,cbis_01605,0,0.6179742018381754,0,0.06401466836734694,True,0.2030903697013855,0.2431265834662663,False,0.12186577950578886,False,0.0642753466963768
cbis_test|widefield,cbis_01606,0,0.6345916390419006,0,0.06895727040816327,False,0.0691523551940918,0.022494887525562373,False,0.11666515223242399,False,0.06897642463445663
cbis_test|widefield,cbis_01607,0,0.6034610470136007,0,0.05522560586734694,True,0.10438919812440872,0.09461538461538462,False,0.0227733536911929,False,0.055050887167453766
cbis_test|widefield,cbis_01608,0,0.5712377826372782,0,0.07302295918367346,False,0.016836348921060562,0.0,False,0.13216441373947743,False,0.07401709258556366
cbis_test|widefield,cbis_01609,1,0.7105330427487692,1,0.07479671556122448,False,0.16603368520736694,0.250702947845805,False,0.14437417639109013,False,0.07465528696775436
cbis_test|widefield,cbis_01610,0,0.5229646563529968,0,0.07497608418367346,False,0.009746464900672436,0.0,False,0.10487038362828535,False,0.07489340752363205
cbis_test|widefield,cbis_01611,1,0.6008583307266235,1,0.041095344387755105,True,0.31900617480278015,0.20523539364984572,False,0.055349242088463035,False,0.041114069521427155
cbis_test|widefield,cbis_01612,0,0.5913297533988953,0,0.06495137117346939,False,0.051526036113500595,0.034469343292872705,False,0.1193313719838555,False,0.06457196176052094
cbis_test|widefield,cbis_01613,0,0.595452626546224,0,0.07262436224489796,False,0.014443416148424149,0.0,False,0.13090194348206552,False,0.07156078517436981
cbis_test|widefield,cbis_01614,0,0.6727293332417806,0,0.06764190051020408,False,0.02959468588232994,0.0,False,0.13415003962238994,False,0.0669226124882698
cbis_test|widefield,cbis_01615,0,0.6356155474980673,0,0.06317761479591837,False,0.04002241790294647,0.02786425902864259,False,0.11988619413365376,False,0.062332287430763245
cbis_test|widefield,cbis_01616,0,0.7108392715454102,0,0.06786112882653061,True,0.16267524659633636,0.2516062948132973,False,0.12494202032927823,True,0.06842076033353806
cbis_test|widefield,cbis_01617,0,0.6753249367078146,0,0.059470663265306124,False,0.11536611616611481,0.13960612691466084,False,0.11732491472158244,False,0.059439122676849365
cbis_test|widefield,cbis_01618,0,0.692170262336731,0,0.04739317602040816,False,0.03351008892059326,0.0,False,0.1052148900291898,False,0.04770507290959358
cbis_test|widefield,cbis_01619,0,0.6282628377278646,0,0.055365114795918366,True,0.19523422420024872,0.2738840839049607,False,0.06619633318045139,False,0.055445749312639236
cbis_test|widefield,cbis_01620,1,0.6046737432479858,1,0.0607063137755102,False,0.015487917698919773,0.0,False,0.1227568352436213,False,0.06044726073741913
cbis_test|widefield,cbis_01621,1,0.6497564514478048,1,0.0719467474489796,False,0.013222338631749153,0.0,False,0.15220933599561448,False,0.0711972713470459
cbis_test|widefield,cbis_01622,0,0.7164850433667501,0,0.06694435586734694,True,0.1812942773103714,0.3346950976484655,False,0.12725838460097438,False,0.06712657958269119
cbis_test|widefield,cbis_01623,0,0.7089106241861979,0,0.06471221301020408,True,0.1792403757572174,0.31959070137095175,False,0.1498359465304705,False,0.06455972045660019
cbis_test|widefield,cbis_01624,1,0.6386990348498026,1,0.06784119897959184,False,0.2241048365831375,0.31109160081943227,False,0.08220594182766917,False,0.06817466020584106
cbis_test|widefield,cbis_01625,1,0.7237428426742554,1,0.06740274234693877,False,0.12920401990413666,0.20492097701149425,True,0.2070527075559214,False,0.06738929450511932
cbis_test|widefield,cbis_01626,0,0.6446584661801656,0,0.06519052933673469,False,0.07788704335689545,0.075573876495312,False,0.1507742768149397,False,0.0648358017206192
cbis_test|widefield,cbis_01627,0,0.6724910934766134,0,0.06387515943877552,False,0.10439813882112503,0.1116614893795651,False,0.10624959533487145,False,0.06387121230363846
cbis_test|widefield,cbis_01628,1,0.703528642654419,1,0.0738998724489796,True,0.16180016100406647,0.22758127902822436,False,0.11927596784030615,False,0.07316339761018753
cbis_test|widefield,cbis_01629,1,0.7213835914929708,1,0.0673828125,True,0.14314904808998108,0.3367529880478088,False,0.1331828940058745,False,0.06750891357660294
cbis_test|widefield,cbis_01630,0,0.5941462516784668,0,0.07142857142857142,False,0.02716861106455326,0.0,False,0.14425946538669132,False,0.07054106146097183
cbis_test|widefield,cbis_01631,0,0.6358358462651571,0,0.07334183673469388,False,0.003542447928339243,0.0,False,0.14098125137789896,False,0.07242380827665329
cbis_test|widefield,cbis_01632,0,0.6359946926434835,0,0.056560905612244895,False,0.03526882827281952,0.0,False,0.06628018031379097,False,0.05687730759382248
cbis_test|widefield,cbis_01633,0,0.6813912192980448,0,0.04789142219387755,False,0.06321428716182709,0.036151603498542274,False,0.07950058715903952,False,0.0476904958486557
cbis_test|widefield,cbis_01634,0,0.6749864816665649,0,0.05861367984693878,False,0.16995516419410706,0.15166844160454385,False,0.10085442811279487,False,0.05833464115858078
cbis_test|widefield,cbis_01635,0,0.5847786466280619,0,0.07762675382653061,False,0.07941926270723343,0.04201993157816451,False,0.10287954200759698,False,0.07710783183574677
cbis_test|widefield,cbis_01636,0,0.6200284957885742,0,0.0568000637755102,False,0.04735264927148819,0.0,False,0.048304944744822394,True,0.05770276114344597
cbis_test|widefield,cbis_01637,0,0.5795091191927592,0,0.04278938137755102,False,0.016912363469600677,0.0,False,0.07065882747597499,False,0.0427548848092556
cbis_test|widefield,cbis_01638,0,0.6588166157404581,0,0.05970982142857143,False,0.11756573617458344,0.1594306049822064,False,0.06588265178023726,False,0.06020257994532585
cbis_test|widefield,cbis_01639,0,0.6931468645731608,0,0.07969945790816327,False,0.10097217559814453,0.13313418375585337,False,0.14867576145827416,False,0.08023666590452194
cbis_test|widefield,cbis_01640,0,0.5904101133346558,0,0.05123963647959184,True,0.09173280745744705,0.09028798754648448,False,0.10108766765882948,False,0.051133811473846436
cbis_test|widefield,cbis_01641,0,0.5807037949562073,0,0.03866390306122449,False,0.006578934378921986,0.0,False,0.0695410865591029,False,0.0382138229906559
cbis_test|widefield,cbis_01642,0,0.6802468299865723,0,0.057497608418367346,False,0.06574825942516327,0.034176404674243634,False,0.07382060558085467,False,0.05801130831241608
cbis_test|widefield,cbis_01643,0,0.5690243045488993,0,0.05992904974489796,True,0.1661355346441269,0.1419191034845036,False,0.10394318820043395,False,0.05965230241417885
cbis_test|widefield,cbis_01644,1,0.7055777708689371,1,0.06166294642857143,True,0.10993406176567078,0.22276029055690072,False,0.13467618118024668,False,0.062151502817869186
cbis_test|widefield,cbis_01645,1,0.6899237036705017,1,0.06521045918367346,False,0.059010498225688934,0.0,False,0.11342606327600223,False,0.0647895559668541
cbis_test|widefield,cbis_01646,1,0.6858011285463969,1,0.06331712372448979,True,0.2604552209377289,0.31481113320079523,False,0.0792458928029934,False,0.06350815296173096
cbis_test|widefield,cbis_01647,0,0.7165478467941284,0,0.06584821428571429,True,0.18575777113437653,0.329214826624153,False,0.13806539624697484,False,0.0653713271021843
cbis_test|widefield,cbis_01648,1,0.6813322901725769,1,0.05472735969387755,True,0.18317417800426483,0.25041556663733255,False,0.07058589794272027,False,0.05463552102446556
cbis_test|widefield,cbis_01649,0,0.6533249815305074,0,0.08083545918367346,False,0.11173249036073685,0.0745767881653195,False,0.17055203380053913,False,0.0809113085269928
cbis_test|widefield,cbis_01650,1,0.6316209038098654,1,0.07417889030612244,True,0.3033600449562073,0.37086488640892784,False,0.12138876276863643,False,0.07419221848249435
cbis_test|widefield,cbis_01651,1,0.6771324078241984,1,0.06421396683673469,False,0.12535496056079865,0.17358590776312297,False,0.12256061840990243,False,0.06376087665557861
cbis_test|widefield,cbis_01652,1,0.7206095854441324,1,0.06074617346938776,False,0.07511492818593979,0.04467134652201659,False,0.09424398661446914,False,0.060710567981004715
cbis_test|widefield,cbis_01653,1,0.7132693529129028,1,0.04097576530612245,False,0.027472026646137238,0.0,False,0.057503574384335523,False,0.0414666011929512
cbis_test|widefield,cbis_01654,1,0.6234832604726156,1,0.052415497448979595,True,0.20932483673095703,0.2550535077288942,False,0.09421503163785973,False,0.05183804780244827
cbis_test|widefield,cbis_01655,1,0.6691634853680929,1,0.06750239158163265,False,0.1064545288681984,0.1655956929489406,False,0.10975652631982223,False,0.06798842549324036
cbis_test|widefield,cbis_01656,0,0.6430858373641968,0,0.06784119897959184,False,0.05822820961475372,0.0035810205908683975,False,0.10433601107447146,False,0.06707953661680222
cbis_test|widefield,cbis_01657,0,0.6188384095827738,0,0.0558235012755102,True,0.17192697525024414,0.15930642102411272,False,0.06701058476951334,False,0.05632760748267174
cbis_test|widefield,cbis_01658,0,0.6716963052749634,0,0.07397959183673469,False,0.12605012953281403,0.11599967529831967,False,0.08530646146349555,False,0.07367385923862457
cbis_test|widefield,cbis_01659,0,0.6727344989776611,0,0.055982940051020405,False,0.01836377941071987,0.0,True,0.17973842434111006,False,0.05547429248690605
cbis_test|widefield,cbis_01660,0,0.6713614066441854,0,0.06130420918367347,False,0.06361125409603119,0.014389602351848987,True,0.18534465965537184,False,0.06126321852207184
cbis_test|widefield,cbis_01661,0,0.6029269893964132,0,0.062400350765306124,False,0.04015098884701729,0.02005420054200542,False,0.06728861484961775,False,0.06217935308814049
cbis_test|widefield,cbis_01662,0,0.5885628263155619,0,0.07750717474489796,False,0.023356856778264046,0.011980830670926517,False,0.1478263999239005,False,0.07769832760095596
cbis_test|widefield,cbis_01663,0,0.5942664742469788,0,0.0770687181122449,False,0.21100150048732758,0.2660959839723158,False,0.10373075411262742,False,0.0765642449259758
cbis_test|widefield,cbis_01664,0,0.6850367387135824,0,0.06479193239795919,True,0.1431596279144287,0.2376117734724292,False,0.07967493426811072,False,0.06519541144371033
cbis_test|widefield,cbis_01665,0,0.619978686173757,0,0.05470742984693878,False,0.04786503687500954,0.0,False,0.046279236083151404,False,0.0545482337474823
cbis_test|widefield,cbis_01666,0,0.6671301325162252,0,0.05689971301020408,False,0.03834078833460808,0.04207041343669251,False,0.13582754624293686,False,0.05659332871437073
cbis_test|widefield,cbis_01667,1,0.6425993839899699,1,0.025829081632653062,False,0.0,0.0,False,0.004055439909332711,False,0.025760648772120476
cbis_test|widefield,cbis_01668,1,0.6347052653630575,1,0.05084103954081633,False,0.06186341494321823,0.0019532775998124855,False,0.04530658080706232,True,0.05167204514145851
cbis_test|widefield,cbis_01669,0,0.6737899581591288,0,0.0633968431122449,False,0.10211794823408127,0.19427125688985272,False,0.0887863860335725,False,0.06322837620973587
cbis_test|widefield,cbis_01670,0,0.6184171835581461,0,0.07130899234693877,False,0.022890107706189156,0.0,False,0.1613064084522119,False,0.07056152075529099
cbis_test|widefield,cbis_01671,1,0.6647424499193827,1,0.06493144132653061,False,0.03100964054465294,0.0016576250753465944,False,0.07988411526485824,False,0.06508148461580276
cbis_test|widefield,cbis_01672,1,0.6461320122083029,1,0.07961973852040816,False,0.13449110090732574,0.1399902502437439,False,0.1527243649474611,False,0.0795891061425209
cbis_test|widefield,cbis_01673,0,0.59978848695755,0,0.05620216836734694,False,0.0867621973156929,0.07035217717092665,False,0.10203307983582795,False,0.05571878328919411
cbis_test|widefield,cbis_01674,0,0.6482158303260803,0,0.07549426020408163,True,0.17625586688518524,0.32135346969986617,False,0.09653647327603085,False,0.07526391744613647
cbis_test|widefield,cbis_01675,1,0.6015713612238566,1,0.050661670918367346,True,0.31183502078056335,0.25303603424248455,False,0.0959509317466604,False,0.05079076811671257
cbis_test|widefield,cbis_01676,1,0.647455890973409,1,0.06166294642857143,True,0.17310619354248047,0.21957040572792363,False,0.13671081920720637,False,0.06123927980661392
cbis_test|widefield,cbis_01677,1,0.6596409877141317,1,0.05137914540816327,True,0.28730204701423645,0.25649706263068806,False,0.05937746398216716,False,0.05138980969786644
cbis_test|widefield,cbis_01678,0,0.5928255319595337,0,0.06989397321428571,False,0.06775156408548355,0.050904011794832,False,0.0966377572228815,False,0.06989721953868866
cbis_test|widefield,cbis_01679,0,0.5726563533147176,0,0.06317761479591837,False,0.04612283781170845,0.03845246520405756,False,0.1087686898467593,False,0.06390845775604248
cbis_test|widefield,cbis_01680,0,0.7001704374949137,0,0.07503587372448979,True,0.17921482026576996,0.20659206154922188,False,0.10041519242732759,False,0.07511365413665771
cbis_test|widefield,cbis_01681,0,0.6548431118329366,0,0.05833466198979592,True,0.11724446713924408,0.15927383294580577,False,0.11804036027280733,False,0.0581016018986702
cbis_test|widefield,cbis_01682,0,0.6238376696904501,0,0.05526546556122449,False,0.09000277519226074,0.08702290076335878,False,0.07845617155218357,False,0.055331725627183914
cbis_test|widefield,cbis_01683,0,0.649682879447937,0,0.052036830357142856,False,0.022304881364107132,0.0,False,0.0694262369126813,False,0.052112795412540436
cbis_test|widefield,cbis_01684,1,0.6134700576464335,1,0.045001594387755105,False,0.09626613557338715,0.10438375853395616,False,0.01072561845469947,False,0.04542681574821472
cbis_test|widefield,cbis_01685,1,0.7023905118306478,1,0.06796077806122448,True,0.2082890421152115,0.33977680350737344,False,0.1510521659422667,False,0.06775626540184021
cbis_test|widefield,cbis_01686,0,0.6769774754842123,0,0.06588807397959184,True,0.2686597406864166,0.3294141092068553,False,0.14543579723849828,False,0.06611928343772888
cbis_test|widefield,cbis_01687,0,0.6940338412920634,0,0.06762197066326531,False,0.025423450395464897,0.00014895360095330305,False,0.10514175918771454,False,0.06689363718032837
cbis_test|widefield,cbis_01688,1,0.6462744077046713,1,0.07246492346938775,True,0.10238806903362274,0.09376,False,0.15363040200411726,False,0.07149679213762283
cbis_test|widefield,cbis_01689,1,0.6902107993761698,1,0.05668048469387755,True,0.1335047483444214,0.219350563286945,False,0.0715735497587728,False,0.056151844561100006
cbis_test|widefield,cbis_01690,0,0.6308613618214926,0,0.06722337372448979,False,0.0039942506700754166,0.0,False,0.122819618646626,False,0.06731554865837097
cbis_test|widefield,cbis_01691,0,0.587865392367045,0,0.05921157525510204,False,2.6065017664222978e-05,0.0,False,0.13511438584321914,False,0.059549104422330856
cbis_test|widefield,cbis_01692,1,0.6936291058858236,1,0.076171875,True,0.22223535180091858,0.38082901554404147,False,0.1868362329031528,False,0.07607724517583847
cbis_test|widefield,cbis_01693,1,0.5753028790156046,1,0.03461814413265306,False,0.10657048225402832,0.10430541225025795,False,0.04093235480130425,False,0.034782908856868744
cbis_test|widefield,cbis_01694,1,0.6605918407440186,1,0.06622688137755102,True,0.3157302439212799,0.33110801115982463,False,0.05739806505696428,False,0.06621015816926956
cbis_test|widefield,cbis_01695,1,0.7060369451840719,1,0.0654296875,True,0.20758682489395142,0.2365611363847368,True,0.18576439041323786,False,0.06542401015758514
cbis_test|widefield,cbis_03322,1,0.6536153554916382,1,0.07358099489795919,False,0.05532637611031532,0.0,False,0.1434376804443341,False,0.073820099234581
mias|widefield,mias_0000,0,0.7077394326527914,0,0.5189532844387755,True,0.7511523962020874,0.26884254211655473,True,0.7628503112563584,False,0.5187914967536926
mias|widefield,mias_0001,0,0.6813097794850668,0,0.1632453762755102,True,0.29343292117118835,0.49806854606723105,True,0.3283071441394937,False,0.16430120170116425
mias|widefield,mias_0002,0,0.6045441428820292,0,0.1618702168367347,False,0.09724345803260803,0.06688982851773549,False,0.21828445000128047,False,0.16153153777122498
mias|widefield,mias_0003,0,0.568723996480306,0,0.16260762117346939,False,0.0011530584888532758,0.0,True,0.3373600912289625,False,0.16331496834754944
mias|widefield,mias_0004,0,0.5863191286722819,0,0.1613719706632653,False,0.00025225948775187135,0.0,False,0.2321278009065408,False,0.1612289398908615
mias|widefield,mias_0005,0,0.6224553187688192,0,0.16196986607142858,False,0.18973888456821442,0.1405337519623234,True,0.30874153895934564,False,0.1619858741760254
mias|widefield,mias_0006,0,0.6331652998924255,0,0.16232860331632654,True,0.37758591771125793,0.43221740842851514,False,0.22625931910875538,False,0.16226617991924286
mias|widefield,mias_0007,0,0.6311330397923788,0,0.16252790178571427,False,0.003040839685127139,0.0,False,0.23691606520724434,False,0.16346198320388794
mias|widefield,mias_0008,0,0.6758152445157369,0,0.1612125318877551,False,0.24323661625385284,0.19071081329654446,False,0.2271477599058459,False,0.1619119495153427
mias|widefield,mias_0009,0,0.6682359178860983,0,0.1624481823979592,False,0.18076586723327637,0.13215886454183268,True,0.3139190437566682,False,0.162510946393013
mias|widefield,mias_0010,0,0.6246715784072876,0,0.16360411352040816,False,0.12676750123500824,0.06627315761790661,True,0.37979380371527477,False,0.1639735996723175
mias|widefield,mias_0011,1,0.6176997025807699,1,0.16298628826530612,False,0.4534526467323303,0.4307934014139827,False,0.21376065295058005,False,0.1628841757774353
mias|widefield,mias_0012,0,0.6179039676984152,0,0.16075414540816327,False,0.010764872655272484,0.0,False,0.1928831036751091,False,0.16040675342082977
mias|widefield,mias_0013,1,0.645384669303894,1,0.16117267219387754,True,0.33824673295021057,0.41874119304837953,False,0.2273214639030871,False,0.1609891802072525
mias|widefield,mias_0014,0,0.657231350739797,0,0.16214923469387754,True,0.37049901485443115,0.5416984813777891,True,0.32161307008380147,False,0.16205330193042755
mias|widefield,mias_0015,0,0.6511400938034058,0,0.15963807397959184,False,0.11520273983478546,0.090392749244713,False,0.20186323674121265,False,0.15956588089466095
mias|widefield,mias_0016,1,0.6297332843144735,1,0.16264748086734693,True,0.4029949903488159,0.42799968610217376,False,0.19853199853400955,False,0.16266395151615143
mias|widefield,mias_0017,0,0.6241812705993652,0,0.16232860331632654,False,0.20333310961723328,0.16934653974787753,False,0.2710683519160382,False,0.16180191934108734
mias|widefield,mias_0018,0,0.6373225251833597,0,0.16270727040816327,False,0.3410786986351013,0.4270032930845225,False,0.24505300929285898,False,0.1640245020389557
mias|widefield,mias_0019,1,0.6428962151209513,1,0.16191007653061223,False,0.20645713806152344,0.15839816349955363,False,0.2723723398221357,False,0.1628238558769226
mias|widefield,mias_0020,1,0.5726567506790161,1,0.16161112882653061,True,0.9427060484886169,0.593343870741131,False,0.2378202570896191,False,0.16078773140907288
mias|widefield,mias_0021,0,0.5604530970255533,0,0.1364795918367347,True,0.7198940515518188,0.504008551576697,False,0.22330106721829196,False,0.13696621358394623
mias|widefield,mias_0022,0,0.6876925031344095,0,0.2625757334183674,True,0.6372947692871094,0.6345774647887324,True,0.430209038149445,False,0.2636834979057312
mias|widefield,mias_0023,0,0.6922348936398824,0,0.16161112882653061,True,0.42216867208480835,0.4738851433677199,False,0.30239676217730427,False,0.16179829835891724
mias|widefield,mias_0024,1,0.701908548672994,1,0.16270727040816327,False,0.24262718856334686,0.2311438814854901,True,0.33344182842190906,False,0.16276884078979492
mias|widefield,mias_0025,0,0.6084318161010742,0,0.1364795918367347,True,0.2986564040184021,0.2807949029126214,False,0.21935162868558328,False,0.13639473915100098
mias|widefield,mias_0026,1,0.6828393936157227,1,0.16183035714285715,True,0.37142693996429443,0.37555875445109477,False,0.20340650708991118,False,0.16161659359931946
mias|widefield,mias_0027,1,0.6522283554077148,1,0.16258769132653061,True,0.4302067756652832,0.503138939368908,False,0.18910506853726144,False,0.16160714626312256
mias|widefield,mias_0028,0,0.653766135374705,0,0.16254783163265307,False,0.08115868270397186,0.0,False,0.22182503456662578,False,0.16173194348812103
mias|widefield,mias_0029,0,0.6389453609784445,0,0.1619499362244898,False,0.1216755211353302,0.0024285241196600068,False,0.3049813708700884,False,0.16086530685424805
mias|widefield,mias_0030,1,0.7133195996284485,1,0.16222895408163265,True,0.30630332231521606,0.5190973673213539,True,0.3094196375658666,False,0.16253113746643066
mias|widefield,mias_0031,0,0.6313538551330566,0,0.1629264987244898,False,0.21957749128341675,0.144697969702684,True,0.31669493195767706,False,0.16308528184890747
mias|widefield,mias_0032,1,0.6819881598154703,1,0.1573062818877551,False,0.2011137306690216,0.1234413183783445,False,0.20505861639166867,False,0.1575140655040741
mias|widefield,mias_0033,0,0.7011610666910807,0,0.19108737244897958,False,0.20085133612155914,0.013531659952484247,False,0.31158289152085467,False,0.19211329519748688
mias|widefield,mias_0034,1,0.6103779673576355,1,0.1618702168367347,True,0.5624876022338867,0.4153870137968665,False,0.2382347550381898,False,0.16249006986618042
mias|widefield,mias_0035,1,0.656595249970754,1,0.16360411352040816,False,0.25932225584983826,0.13210474063042937,False,0.20511024891687146,False,0.16476023197174072
mias|widefield,mias_0036,1,0.6784434119860331,1,0.20551658163265307,True,0.47146522998809814,0.5072592592592593,False,0.3132498164527414,False,0.20591439306735992
mias|widefield,mias_0037,1,0.6931732495625814,1,0.16258769132653061,True,0.5218338370323181,0.6910493540291849,False,0.25695715267199337,False,0.16211636364459991
mias|widefield,mias_0038,1,0.6950294971466064,1,0.16280691964285715,True,0.2611704170703888,0.2744137206860343,False,0.3036234185406337,False,0.16374292969703674
mias|widefield,mias_0039,0,0.6927979787190756,0,0.16280691964285715,True,0.36983194947242737,0.5912070623197273,False,0.24984712109912882,False,0.16348043084144592
mias|widefield,mias_0040,1,0.6180663506189982,1,0.16264748086734693,True,0.21884796023368835,0.1785621761658031,False,0.2961328059943992,False,0.16287247836589813
mias|widefield,mias_0041,1,0.7073608040809631,1,0.16198979591836735,True,0.43447864055633545,0.5834713625664719,False,0.2124679858453362,False,0.16176459193229675
mias|widefield,mias_0042,0,0.5928887724876404,0,0.16220902423469388,True,0.32715630531311035,0.25448647156267257,False,0.2919320099777603,False,0.16238035261631012
mias|widefield,mias_0043,0,0.7084301710128784,0,0.15686782525510204,True,0.3599168360233307,0.41222397476340694,False,0.20502773610650088,False,0.15734757483005524
mias|widefield,mias_0044,1,0.6419386466344198,1,0.16212930484693877,False,0.27398544549942017,0.40816800991940483,True,0.3298232527216895,False,0.16239669919013977
mias|widefield,mias_0045,0,0.6328827540079752,0,0.16454081632653061,False,0.10054924339056015,0.005220640764961257,False,0.27606770581458256,False,0.16585767269134521
mias|widefield,mias_0046,0,0.5107450286547343,0,0.10925542091836735,False,0.0,0.0,False,0.23915419659866502,False,0.10907141119241714
mias|widefield,mias_0047,1,0.5921457211176554,1,0.1624481823979592,True,0.45764318108558655,0.35804958183990443,False,0.2809135836039391,False,0.1613473892211914
mias|widefield,mias_0048,1,0.6410935123761495,1,0.16336495535714285,True,0.4434290826320648,0.6387740427826712,True,0.343411782872948,False,0.1634039282798767
mias|widefield,mias_0049,0,0.5483027100563049,0,0.16246811224489796,True,0.38452836871147156,0.2935786333285978,True,0.31526789083291873,False,0.16303333640098572
mias|widefield,mias_0050,0,0.6050869623819987,0,0.16304607780612246,True,0.4834236800670624,0.412411869528163,False,0.17073688813585194,False,0.16330772638320923
mias|widefield,mias_0051,1,0.6098915537198385,1,0.1649792729591837,False,0.18007436394691467,0.1063187145100882,False,0.2940412329208388,False,0.16417041420936584
mias|widefield,mias_0052,0,0.6784049471219381,0,0.1624481823979592,True,0.4983241558074951,0.6529128419521949,False,0.18551317635266507,False,0.16271279752254486
mias|widefield,mias_0053,1,0.7022472023963928,1,0.4373804209183674,True,0.5595241785049438,0.3105228651040813,True,0.6833423504066595,False,0.43879979848861694
mias|widefield,mias_0054,0,0.7051705320676168,0,0.16232860331632654,True,0.36425265669822693,0.4111300838248991,False,0.21587871205997983,True,0.16338634490966797
mias|widefield,mias_0055,0,0.6385496854782104,0,0.1621691645408163,False,0.15668779611587524,0.10858293173915695,True,0.3116799369157399,False,0.16242165863513947
mias|widefield,mias_0056,1,0.6634297966957092,1,0.16157126913265307,False,0.26622599363327026,0.26396917148362237,False,0.22958977911630804,False,0.1620934158563614
mias|widefield,mias_0057,1,0.6141906380653381,1,0.1622688137755102,False,0.32791006565093994,0.29186500888099465,False,0.20202148862593258,False,0.16213060915470123
mias|widefield,mias_0058,0,0.6521876056989034,0,0.16264748086734693,True,0.4543808698654175,0.5058755379013572,True,0.33275533871807833,False,0.16366355121135712
mias|widefield,mias_0059,0,0.6629067262013754,0,0.16149154974489796,True,0.45273956656455994,0.5715647201524866,False,0.24073364781320783,False,0.161665678024292
mias|widefield,mias_0060,0,0.6365606188774109,0,0.16322544642857142,True,0.45895248651504517,0.5591103507271172,False,0.3048353368906862,False,0.16319087147712708
mias|widefield,mias_0061,0,0.6596836646397909,0,0.1625079719387755,False,0.32744506001472473,0.3030085959885387,False,0.2692085924398914,False,0.1619480699300766
mias|widefield,mias_0062,1,0.7147871851921082,1,0.16013632015306123,True,0.4593513607978821,0.7350936149783965,False,0.20827152288194087,False,0.1608300656080246
mias|widefield,mias_0063,1,0.6884185671806335,1,0.1628467793367347,True,0.35835033655166626,0.4187641237434739,False,0.2507149182227248,False,0.163239523768425
mias|widefield,mias_0064,0,0.6121065020561218,0,0.16236846301020408,True,0.3617580533027649,0.3417207792207792,False,0.27667894816207367,False,0.1635238230228424
mias|widefield,mias_0065,1,0.6832072138786316,1,0.16262755102040816,True,0.4219168722629547,0.4696712704951135,False,0.24251823005603135,False,0.16271165013313293
mias|widefield,mias_0066,1,0.6482469042142233,1,0.16322544642857142,True,0.4048239588737488,0.3792946874527017,True,0.3380909919228456,False,0.16352705657482147
mias|widefield,mias_0067,1,0.7107113003730774,1,0.1630062181122449,True,0.4430788457393646,0.6633184184092777,False,0.2513574249006631,False,0.16232338547706604
mias|widefield,mias_0068,1,0.6957235534985861,1,0.20163026147959184,True,0.41015464067459106,0.4069394024015638,True,0.3677807792323168,False,0.2016763836145401
mias|widefield,mias_0069,1,0.7260857025782267,1,0.16310586734693877,True,0.46254682540893555,0.6668191382307199,False,0.2877602725703709,False,0.16288994252681732
mias|widefield,mias_0070,0,0.6680023670196533,0,0.16278698979591838,True,0.2742084562778473,0.2536326699263136,True,0.34553246085071343,False,0.16272984445095062
mias|widefield,mias_0071,0,0.5731839934984843,0,0.1621691645408163,False,0.18898776173591614,0.14152010050251257,False,0.22712469892263887,False,0.16187062859535217
mias|widefield,mias_0072,0,0.6771714886029562,0,0.16252790178571427,True,0.22909025847911835,0.26098710661305974,False,0.305605853486387,True,0.16329647600650787
mias|widefield,mias_0073,0,0.6669883330663046,0,0.24164939413265307,True,0.6564210653305054,0.5921402399597673,False,0.3358904120760546,True,0.24209903180599213
mias|widefield,mias_0074,0,0.6303393046061198,0,0.16418207908163265,True,0.36360958218574524,0.3816395919909331,False,0.19882658712501156,False,0.16157762706279755
mias|widefield,mias_0075,0,0.6770014762878418,0,0.16206951530612246,True,0.4891359508037567,0.6357252183307824,False,0.30001930736712584,False,0.1624530702829361
mias|widefield,mias_0076,0,0.6546705365180969,0,0.16157126913265307,True,0.31013011932373047,0.5011583650504716,False,0.2757884169076457,False,0.1628953218460083
mias|widefield,mias_0077,1,0.7144023776054382,1,0.16360411352040816,True,0.3564373254776001,0.3643161594257085,True,0.32712065908198856,False,0.16297458112239838
mias|widefield,mias_0078,0,0.5956909457842509,0,0.14919483418367346,True,0.4487851560115814,0.31695590113440014,False,0.22280633037996814,False,0.14970315992832184
mias|widefield,mias_0079,1,0.6924568812052408,1,0.09753667091836735,True,0.38497111201286316,0.4876444798724591,False,0.12941024943494964,False,0.09751437604427338
mias|widefield,mias_0080,0,0.6053990523020426,0,0.12218989158163265,False,0.2366974949836731,0.2362927276898371,False,0.23700595223238594,False,0.12299075722694397
mias|widefield,mias_0081,1,0.6972273786862692,1,0.16280691964285715,True,0.3054118752479553,0.5290609776583235,False,0.27840676288230876,False,0.16249999403953552
mias|widefield,mias_0082,1,0.5948268373807272,1,0.05707908163265306,False,0.06287018209695816,0.0,False,0.0627383540977288,False,0.056595951318740845
mias|widefield,mias_0083,0,0.5310426354408264,0,0.0031887755102040817,False,0.0,0.0031887755102040817,False,0.004010070137571817,False,0.003168234834447503
mias|widefield,mias_0084,1,0.6355635325113932,1,0.1617107780612245,False,0.23745876550674438,0.19305856832971802,False,0.29733829446028087,False,0.16152353584766388
mias|widefield,mias_0085,0,0.5687171220779419,0,0.04097576530612245,False,0.006278478540480137,0.0,False,0.0768163419804378,False,0.04121517017483711
mias|widefield,mias_0086,0,0.6034693717956543,0,0.021205357142857144,True,0.12563802301883698,0.10601833399760861,False,0.03224256981196581,False,0.021108726039528847
mias|widefield,mias_0087,0,0.6298810442288717,0,0.16298628826530612,True,0.31067562103271484,0.2357607811228641,True,0.31468130522528265,False,0.16230027377605438
mias|widefield,mias_0088,0,0.5943525632222494,0,0.09815449617346939,False,0.16856250166893005,0.12972891338820508,False,0.14133694522525891,False,0.09815435111522675
mias|widefield,mias_0089,0,0.62142546971639,0,0.1544563137755102,True,0.31490349769592285,0.34112501885085206,False,0.19708916431181087,False,0.15333715081214905
mias|widefield,mias_0090,0,0.6058284044265747,0,0.012236926020408163,False,0.059859953820705414,0.06114928791952993,False,0.014179403263717891,False,0.012021837756037712
mias|widefield,mias_0091,0,0.5891296068827311,0,0.015923947704081634,False,0.013840550556778908,0.01375374251497006,False,0.03451125197862586,False,0.01604618690907955
mias|widefield,mias_0092,0,0.6463066935539246,0,0.162109375,False,0.11673282831907272,0.010735940368248317,False,0.21132854554844577,False,0.1632281094789505
mias|widefield,mias_0093,0,0.5647214651107788,0,0.021205357142857144,False,0.12735311686992645,0.09748862962230571,False,0.05172514226388473,False,0.021118152886629105
mias|widefield,mias_0094,0,0.61441042025884,0,0.02734375,False,0.07007299363613129,0.10725031544210424,False,0.03797802306681037,False,0.02731817029416561
mias|widefield,mias_0095,1,0.6072298884391785,1,0.1631656568877551,False,0.13351139426231384,0.060216430067488946,False,0.2973590180203039,False,0.16285987198352814
mias|widefield,mias_0096,0,0.597748875617981,0,0.0664859693877551,False,0.20915284752845764,0.2305144013987301,False,0.12689425561011514,False,0.06646315008401871
mias|widefield,mias_0097,1,0.5902103980382284,1,0.09753667091836735,True,0.23868270218372345,0.24968611366870344,False,0.14122578044708936,False,0.09820076823234558
mias|widefield,mias_0098,1,0.6224849422772726,1,0.16242825255102042,False,0.3319154381752014,0.35979073243647236,False,0.23414669350946463,True,0.16403725743293762
mias|widefield,mias_0099,1,0.6010972658793131,1,0.16143176020408162,False,0.4433525800704956,0.5246135752688172,False,0.26718339003975333,False,0.1610184609889984
mias|widefield,mias_0100,0,0.6660085717837015,0,0.1615314094387755,False,0.21553935110569,0.09985449254274281,False,0.2991165781681926,False,0.16132386028766632
mias|widefield,mias_0101,1,0.6481297413508097,1,0.16175063775510204,False,0.31606966257095337,0.3230320699708455,False,0.2840671540918735,False,0.16161777079105377
mias|widefield,mias_0102,0,0.6499776045481364,0,0.16394292091836735,False,0.04410940036177635,0.0,False,0.2669747176255604,False,0.16475127637386322
mias|widefield,mias_0103,0,0.5695058107376099,0,0.034857302295918366,False,0.014307969249784946,0.007858546168958742,False,0.045866002073946095,False,0.035134024918079376
mias|widefield,mias_0104,1,0.6645450194676717,1,0.16220902423469388,False,0.2444600760936737,0.27750052716665496,False,0.29245496583131514,False,0.162003293633461
mias|widefield,mias_0105,1,0.6643127202987671,1,0.1631457270408163,False,0.27913999557495117,0.32283121597096187,False,0.28449602819347836,False,0.16350039839744568
mias|widefield,mias_0106,0,0.6273111502329508,0,0.16198979591836735,True,0.5662835836410522,0.5815123135622615,False,0.2252961774617974,True,0.16255027055740356
mias|widefield,mias_0107,1,0.6063366929690043,1,0.16185028698979592,True,0.4797218441963196,0.4403458670474377,True,0.3352124250714462,False,0.16074779629707336
mias|widefield,mias_0108,1,0.5937134027481079,1,0.16386320153061223,True,0.5586669445037842,0.5634526460010276,False,0.18960109303175546,False,0.16459277272224426
mias|widefield,mias_0109,1,0.7036060293515524,1,0.16222895408163265,True,0.4332346022129059,0.7830096134981361,True,0.32298327197355553,False,0.16201341152191162
mias|widefield,mias_0110,1,0.7012798388799032,1,0.16183035714285715,False,0.11368929594755173,0.016744133953071623,False,0.24109964068586104,False,0.16165025532245636
mias|widefield,mias_0111,1,0.612673302491506,1,0.1534797512755102,True,0.48541247844696045,0.47268349385586184,False,0.18764525708282634,False,0.15319667756557465
mias|widefield,mias_0112,1,0.6475050846735636,1,0.1629264987244898,False,0.01594134420156479,0.0,False,0.17323728185971893,False,0.1635056436061859
mias|widefield,mias_0113,1,0.6887762546539307,1,0.16278698979591838,True,0.3669065535068512,0.3572280178837556,False,0.27035861367372904,False,0.16233190894126892
mias|widefield,mias_0114,1,0.6726653178532919,1,0.23515226403061223,False,0.25189122557640076,0.0651219512195122,False,0.30883226422646265,False,0.23471730947494507
mias|widefield,mias_0115,0,0.6775804956754049,0,0.1620495854591837,False,0.1907884031534195,0.010059467570721948,False,0.2836003417816092,False,0.16254475712776184
mias|widefield,mias_0116,0,0.5751143097877502,0,0.1364795918367347,False,0.005374298896640539,5.923117929277972e-05,False,0.2784863395208907,False,0.1356777846813202
mias|widefield,mias_0117,0,0.6150724093119303,0,0.1634845344387755,False,0.004776414949446917,0.0,False,0.24258235856967206,False,0.1631888896226883
mias|widefield,mias_0118,0,0.6698179046312968,0,0.1620296556122449,False,0.1366157829761505,0.000881057268722467,False,0.29965513543722083,False,0.16252069175243378
